gpt-3.5-turbo_acronym1_highprob	gpt-3.5-turbo_acronym1_random	gpt-3.5-turbo_acronym2_highprob	gpt-3.5-turbo_acronym2_random	gpt-4_acronym1_highprob	gpt-4_acronym1_random	gpt-4_acronym2_highprob	gpt-4_acronym2_random
amasingsign	wtestnata	atssdnt	rrisoninliris	amassing	wtesnnat	amassing	tpiuriai
milliabars	invcerin	meeiieeey	ettpnnolaa	millibars	invincerin	mieaibaes	ettalenol
hurry	hflaq	hieo	aivies	hurry	htlaq	hueoy	aidie
liainson	saonirh	lidspsqunim	phtnol	liaison	saonirh	liaisony	pslorss
newtronrso	icaiitnap	netsoundingervenedpsyche	prttandeitrt	neutrons	icatnap	neutrons	pttnmtoa
revoked	pweirop	repase	estibje	revoke	pweiop	reveae	essaue
createvitiy	aochehloecr	cooatroif	mmpnntnltfrcodgvnnsnlegrc	creativity	aoehloecr	creaaiviti	meoteivnce
ambush	eilmhv	ambisu	pgrnlt	ambush	eilmhv	amiush	pgcnda
unhapay	oedsttt	htrnnt	sknecr	unhappy	oedstttt	unhappy	snearad
defense	sbepeent	dtrnse	prowargnrmn	defense	sbepent	defense	peopoar
secure	lirael	selecsjucrbsctn	yptnoe	secure	lirale	secuae	ytstoe
disorderly	iigrooenounu	dvnosrdeek	eomnrs	disorderly	iigroeunu	dipoieeee	eoeaieiea
proprietors	nnlgtbsebsa	proeiiiiootisoo	ieoocblyk	proprietors	nnlgtbsebsa	propeaeiori	iipoyatiei
loan	opna	leresed	nato	loan	opna	lozn	naoo
reveal	ihiltr	riesedoin	colifiedocuos	reveal	ihiltr	rioaae	ccuaou
voltage	ryddbidc	verpitrea	ultstteds	voltaged	ryddvic	votregue	utteoups
posticted	eaeensi	posmtej	olling	postited	eaensi	posiaej	onrsapi
aideed	tide	aiied	eioidlt	aided	tided	aided	edoie
attendance	iestisincsil	attendingternallyadditiventriguingchemeserformances	rnoiiglntf	attendance	iessincsil	attenaaihe	ensandtvs
vanishes	raisgsla	vemnlttsgsai	riundoasselee	vanishes	raissgla	vavishes	runaseea
hcoly	neer	hote	mnir	holy	neer	holy	csio
eithert	ebirsl	eotrerr	yoolg	eithher	ebirsl	eireea	yrouau
neutral	jyoterefu	netbtwsemc	gegoses	neutral	jyoteru	netueass	gpgooes
intertactiarcatinss	yearbookextractsreligiouslyaminostereotypeparapetunarmedconceptionlogisticsnominationsneckinhibited	ieeieaeei	iignsalyeiasptgines	interactions	yeraspuclnni	iiceaaaisess	uireseayeais
attention	eecdecsat	aytmttioeefg	aetnngs	attempted	eecdecsut	aytteoitu	aeopaouoi
allergy	uurameramoea	aoueoue	haoeieeioi	alledgedly	uuramerao	auaeoeqlm	haecioara
degreres	soreduaerdue	degess	atsies	degrees	soerdue	deraess	atsiels
iconography	areianjencc	ieaoncnpmt	uorptehshtshtngh	iconography	areianjenncf	iccaoeeapy	uulteissnii
start	nbdaene	strnki	iionoeo	strait	nbdaen	strait	ineooi
coastaltelinem	intimehmyto	cholrsoaetn	bmbtntfsoe	coastline	intiemyto	conaraina	bmfaraels
twilightrh	isoaeid	towhovgat	hrrtnt	twilight	isoaeeid	twilight	hpcatruo
dilapmidathe	sisrrsosopos	drrslebunorv	aoeennipiuhe	dilapidated	sisrrsoopos	dilagedava	toraneaisee
budgeryatear	ylitestelgu	bohnttse	spriinrcte	budgetary	yliteslgu	budemtary	sisecaieo
secure	talntrn	sgnldt	anrspss	secuer	talntn	seiuae	anispa
banished	nreaines	bunndnfhltbkae	eptscsaaabs	banished	nreaiesn	baniseao	evasaaaco
synonymownymoswst	eeirirouth	scltrlyncnufrbsnspabmngstqeaupd	tdeiiironoblndnletin	synonymous	eeirirouht	synoyaouu	tdainirrnr
mindnistetr	aptialdtl	mzngnainmtrrtp	eeasscrrura	minister	aptiatld	miaisero	ecisiuua
adaptation	aieptuhcot	ajaptrtiteont	ndcslntnghmrrooii	adaptation	aiepcthcto	adaptlitoa	nsaltnore
crossing	timsepa	crrgnaeie	rdvqnlss	crossing	timsepia	crnssing	rdepnoes
corporal	tneytiydb	cconsrso	ensocbsmlatd	corporal	tnytidyb	ccccoral	eaoceala
histronsaitarnste	igbvcssepep	hiepntdwsn	yolnlsdmsnshh	historians	igbvcsesep	histoisand	yoepumisat
royalty	songans	rooiaeoy	ndttns	royalty	songans	roriaea	deacaia
slightest	tpaoahmviir	sleitn	drrnsmnntmptmlyrshknoe	slights	tpoahmvr	sssieuesa	dlropsmuc
hastily	onsryil	hrtmssbndlvtrsm	oosrto	hastily	onsryil	hasily	oiaheto
reconunanced	acdrnewrsw	roctoosnsohldvrti	iivouitjo	renounced	acdrneswr	renouscea	iloruepij
stubb	danen	stso	scrt	stub	dnen	ssse	sdac
petrel	cbeyro	poooe	nroaet	petrel	cbeyor	peurea	nouaie
spat	cyho	spai	nioee	spat	cyho	spai	nroo
attends	peirpspps	aiaesplte	ndnntnlt	attends	peirpsp	atienve	doentioo
assistance	nskcelriliel	aohyisntrc	ureeefrnrn	assistance	nskcelrilel	ascisratce	ualeaiseva
paranoratormal	ntdgjragmc	paeaeodn	ioouwewenwee	paranormal	ntdgjragmc	pauaonreee	ioruaeiyea
cansc	eaiig	rads	tort	cans	eaii	cads	tooe
shipwrecked	mrsdtnwaeno	smhroaet	oerlnei	shipwrecked	mrsdtnwaone	shipeaeoiui	conyaenseos
clones	aeducsy	caones	oeonno	clones	aeucsy	clotes	ooaneo
rope	otna	reoi	riies	rope	otna	rope	rime
proprietorpietr	mfguerrruwuti	prisetesom	lesorngnbkcnetignda	proprietor	mfuerruuti	prileisaor	leransctri
urgee	defht	uret	tchh	urge	deht	urge	tcoi
hostail	efreatant	hotenitaptaturaturela	hieeaeu	hospital	efreatnt	hoceiaaul	hubsdpne
shopsc	edanc	trologshrtsutlatr	ooei	shops	edanc	shups	ototi
styled	rcafuea	tseet	gigeoct	styled	rcfauea	stperm	gigioc
convictions	ialjpmngcnu	crttnttntt	sdeiiphto	convictironsw	ialjpmngcnu	cosimttios	sslmaiuahea
subjectcities	oaptoeteli	sllbbtrctroe	isssrvee	subjective	oaptoerlie	susjeatise	issieeeeia
governes	rculpsael	gostnnsc	eeisssttst	governess	rculpsael	govenosse	eirstssta
camputs	srectens	cfmepa	grcjnrr	campus	srents	caiaus	gdvjhr
trianglese	tanolcohth	torinsglss	rroaomt	triangle	tanolcth	trrmsglss	tyalotbin
vessel	stimeo	vltstso	ccnnnk	vessel	sbiemo	veeael	ceaaai
viewpointer	eltoetersr	vocespsisvab	aeaeoeyo	viewpoint	eltotersr	vieooiat	aeaaensao
restponsiives	snrtmosspta	respommunasimvr	cnvnepvsi	responsive	snrtmospta	responuive	cnsvaseei
adorable	ehtoago	adoerblnd	ftfssr	adorable	ehtoagop	adoraiae	ffsomeic
pithchess	iseviltilt	pitsesc	yeeuus	pitches	iseitlt	pituaes	yycihin
swims	tdmcae	ywnm	essll	swims	tdcae	swima	espir
whenelde	ioradrv	whaeeeeee	roaeies	wheeled	ioradrv	wiaeees	rcryien
shading	rlneyb	ssheoig	wmdtobrtp	shading	rlnneyb	ssaditu	wduoiaia
idea	nget	idoa	eoohru	idea	nget	idea	edou
remainedaly	itiyorkyrntrta	roeebtskaylbn	tmoatrsre	remarrekably	iriokyrnta	remaokabay	tmlaetase
abandoned	eeessmi	afntoemn	ntshoeei	abandoned	eessminim	abdtmonri	naocvddsd
baton	lanco	beao	dnomg	baton	lanco	baaoa	dnuo
plaintif	rdsaehscvncc	pilnssrfae	rotestjtmsfoi	plaintif	rdsahsvnc	piaitriaf	rojtapobm
hare	nastdlate	heeretkss	aintses	harvest	nnasdle	haovesa	aaeeiau
solar	rardsr	sboanrpo	iriese	solar	rarrs	sopao	irice
cinematic	topslstet	crrnigbts	ncjorspoisiiir	cinetic	toplsstet	cisematia	njuoueiai
projecetions	iaeewdkasri	roljetominuas	smttfflgttmsmbln	projecstions	iaeewdkasri	prlocoicu	smavttsyin
begin	rrtds	bented	aepy	begin	rrtds	begin	apoha
popfulateld	aoaidtcoe	pouoouo	rcttstt	populated	aoaiadtaoe	pouoafueea	rasleitil
singer	sitcch	sssng	iaueuoo	singer	siitch	sindei	iaueuo
restide	cardskb	reliability	deiiti	reside	cardsk	reside	deiiat
parnking	escdaet	pamkigg	iyrjjdj	parking	escdate	paairng	iyaesde
trainscript	aoooaymazmapiicpr	rroaonmstn	iieeouoouo	transcripptions	aoooaymapiicpr	transcriptaonsrindes	imrsaseoraecoi
iterator taino	hlvarpsi	ihtnrsnnt	eiificaea	iteration	hlvarprsis	itnration	eslfiaeii
insterntrtigng	hooegrsi	insuredenvironmentsgriclture	prbsnraraso	inserting	hooegrssi	isseoaievi	spseeaoeo
incite	crrdft	iingte	itvss	incite	crrdft	inniyel	irayem
candnede	fioudm	conteloft	ntkemrni	canned	fioudm	canted	nayxiee
famouss	neutvelm	fnmbous	tlgvse	famous	neuvem	famoua	tgoume
mol√©	ptli	mite	armin	mole	ptli	mote	aasa
sticky	atekss	stieiy	dietone	sticky	atekss	sticis	ddeaoe
superiority	iuaasglaeiras	smttirfetn	aeiioeoi	superiority	iuasgleairs	sspeisoronea	aigoyeauulg
packeg	titrlsn	poaaicat	leissec	package	titrlsn	paaiaea	nlisoesa
inspiring anarchy tinobs	sacidrdristahas	ioniatrstltndscnanlysnaanc	sttjwqoif	inspirations	saidrdistaha	iuspieatious	sdcjuiuaeoei
disappointment	ponolalasatpe	dptnhtnbsnsmrtd	mbsnflahztrmgsbkd	disappointment	pokolasanitpe	disapeoitesiet	mnsckaeaoaeeoae
pictorial	ghrsaioms	pitspoooi	nhtcse	pictorial	ghrsaioms	pilaoeial	nmbceadieo