gpt-3.5-turbo_prompt_plain_acronym1_strat_common_common	gpt-3.5-turbo_prompt_capital_first_acronym1_strat_common_common	gpt-3.5-turbo_prompt_capitalperiod_first_acronym1_strat_common_common	gpt-3.5-turbo_prompt_plain_acronym1_strat_common_medium	gpt-3.5-turbo_prompt_capital_first_acronym1_strat_common_medium	gpt-3.5-turbo_prompt_capitalperiod_first_acronym1_strat_common_medium	gpt-3.5-turbo_prompt_plain_acronym1_strat_common_rare	gpt-3.5-turbo_prompt_capital_first_acronym1_strat_common_rare	gpt-3.5-turbo_prompt_capitalperiod_first_acronym1_strat_common_rare	gpt-3.5-turbo_prompt_plain_acronym1_strat_common_random	gpt-3.5-turbo_prompt_capital_first_acronym1_strat_common_random	gpt-3.5-turbo_prompt_capitalperiod_first_acronym1_strat_common_random	gpt-3.5-turbo_prompt_plain_acronym1_strat_medium_common	gpt-3.5-turbo_prompt_capital_first_acronym1_strat_medium_common	gpt-3.5-turbo_prompt_capitalperiod_first_acronym1_strat_medium_common	gpt-3.5-turbo_prompt_plain_acronym1_strat_medium_medium	gpt-3.5-turbo_prompt_capital_first_acronym1_strat_medium_medium	gpt-3.5-turbo_prompt_capitalperiod_first_acronym1_strat_medium_medium	gpt-3.5-turbo_prompt_plain_acronym1_strat_medium_rare	gpt-3.5-turbo_prompt_capital_first_acronym1_strat_medium_rare	gpt-3.5-turbo_prompt_capitalperiod_first_acronym1_strat_medium_rare	gpt-3.5-turbo_prompt_plain_acronym1_strat_medium_random	gpt-3.5-turbo_prompt_capital_first_acronym1_strat_medium_random	gpt-3.5-turbo_prompt_capitalperiod_first_acronym1_strat_medium_random	gpt-3.5-turbo_prompt_plain_acronym1_strat_rare_common	gpt-3.5-turbo_prompt_capital_first_acronym1_strat_rare_common	gpt-3.5-turbo_prompt_capitalperiod_first_acronym1_strat_rare_common	gpt-3.5-turbo_prompt_plain_acronym1_strat_rare_medium	gpt-3.5-turbo_prompt_capital_first_acronym1_strat_rare_medium	gpt-3.5-turbo_prompt_capitalperiod_first_acronym1_strat_rare_medium	gpt-3.5-turbo_prompt_plain_acronym1_strat_rare_rare	gpt-3.5-turbo_prompt_capital_first_acronym1_strat_rare_rare	gpt-3.5-turbo_prompt_capitalperiod_first_acronym1_strat_rare_rare	gpt-3.5-turbo_prompt_plain_acronym1_strat_rare_random	gpt-3.5-turbo_prompt_capital_first_acronym1_strat_rare_random	gpt-3.5-turbo_prompt_capitalperiod_first_acronym1_strat_rare_random	gpt-3.5-turbo_prompt_plain_acronym1_strat_random_common	gpt-3.5-turbo_prompt_capital_first_acronym1_strat_random_common	gpt-3.5-turbo_prompt_capitalperiod_first_acronym1_strat_random_common	gpt-3.5-turbo_prompt_plain_acronym1_strat_random_medium	gpt-3.5-turbo_prompt_capital_first_acronym1_strat_random_medium	gpt-3.5-turbo_prompt_capitalperiod_first_acronym1_strat_random_medium	gpt-3.5-turbo_prompt_plain_acronym1_strat_random_rare	gpt-3.5-turbo_prompt_capital_first_acronym1_strat_random_rare	gpt-3.5-turbo_prompt_capitalperiod_first_acronym1_strat_random_rare	gpt-3.5-turbo_prompt_plain_acronym1_strat_random_random	gpt-3.5-turbo_prompt_capital_first_acronym1_strat_random_random	gpt-3.5-turbo_prompt_capitalperiod_first_acronym1_strat_random_random
studionly	studionly	studio	studiodo	studiodio	studio	studios	stuodi	studio	studiordio	studioradio	stucdio	menttor	menttor	mentor	mentor	menotour	mentorsor	mentors	mentors	mentors	mentorship	mensatorme	mental	maplice	maplice	malice	mailice	mailiced	malice	mailice	mailiciet	malice	maliycce	manlyicantireacheson	malicce	oilres	oilres	oilres	ydeusl	ydeuslc	ydeusl	erstevet	erstvet	ersvet	erstvetae	erstvet	ersveat
third	third	third	theird	theird	third	third	thisird	third	thirsad	thirdspearfish	thirsty	loves	loves	loves	love+s	lovess	loves	lovest	lovese	loves	real	lovesecrets	love secret	decor	decor	decor	decoar	decor	decor	decore	decor	decor	decoordinator	decoratedcovers	decord	ynoue	ynoue	ynoue	uemdt	uemdt	uemdt	dsract	dsractc	dsratc	dsrac	dsraac	dsraac
ships	ships	ships	ships	ship	ships	ships	ships	ships	ships	ship	shipps	tears	teaprs	tearss	tears	tearss	tears	tears	tears	tearss	tears	teparsrsp	tearsp	holdled	holded	holed	holeed	holeed	holed	hold	holeed	holeded	holdred	holdredice	hotel corded eddie	tcevd	tcevd	tcevd	lydre	lydre	lydre	peluo	peluo	peluo	peeluos	peluvos	peeluos
stattes	stattes	states	starts	states	states	stataet	stataest	states	stathetest	stathet	statethemps	purley	purly	purelly	purely	purely	purely	purley	purly	purely	purely	puerilelystere	purelly	purest	purest	purest	purse	purest	purest	purest	purtse	purest	purnest	purtsetss	purests	ivhroi	ivhroi	ivhroi	atnsco	atnscom	atnsco	tatetut	tatetutu	tateut	tapatemuut	tapetemut	tpatetemutt
specail	specail	special	specaila	specialecail	special	specail	specaecpil	special	spelican	spceiahl	special	leather	leather	leather	lether	leathier	leathier	the sequence of letters created when you combine the first letters of the words in the given sequence is: leather	leatherr	leather	leather shoes	leathermen	leathermenroo	pastime	pastime	pastime	pastime	pastime	pastime	pastime	pastime	pastime	pasteis	pastries	pastimes	srtspans	srtsupns	srtsuns	priaases	priaaes	priaaes	lroadmed	lrodmd	lrodmdmde	lrodmmd	lrrdodmmdiedser	lroddmdmde
retuprned	retuprnede	returnedpaed	returnede	returnede	returnedd	returnede	returndane	returned	renturcetnud	rentsupercalifragilisticexpialidocious	return the sunray cedd	innocent	innocent	innocent	innocent	inncocent	innocence	innotcenote	innocent	innoceet	inonceacendt	inonceacen	ienoceeintoce	mistrust	misrtustrut	mistrust	mistrouths	mistrouth	mistroutstt	mistrustr	misturustur	mistrust	mistrcut	misturs	mistrus	erddautyt	erddautyt	erddauyt	sshiieiaee	ssuiieiae	sshiiae	acepaep	acepaep	acepaep	acceepdap	accepeepap	aceceeapep
little	littlte	little	littlae	little	little	littlle	littl	little	liti t t l e	liiettnttle	liittntplee	sitcom	sitcom	sitcom	sitcom	sitcom	sitcom	sitco	sitcoom	sitcom	sitccom	sitcom	sitccom	revamp	revamp	revamp	revaamp	revaamp	revamp	revaamp	revamp	revamap	reavamp	revpamp	revacmp	piacle	piacel	piacle	actcdn	actcdn	actcdn	racuas	racuas	racuas	ractuaespas	racusande	racuasaes
church	churchoursunderreturnedchurchhome	churchhoursunderreturnedchurchhome	church	cheurchrch	church	church	church	church	churc	church	church	dances	dances	dances	dances	dancomes	dances	dancoedcse	dancoedcse	dances	dance	danccdes	dances	shoved	shoved	shoved	shovedep	shove	shoved	shoved	shovead	shoved	shoveand	shovelandicecream	shovecad	rapdmr	rapdmr	rapdmr	lcyrlol	ccyrlllo	lcyrlo	ylsosrl	ylsosrlsrl	ylsosr	ylsosr	ylsosrr	ylsosr
motherr	motheer	mother	the sequence of letters created when you combine the first letters of the words in the given sequence is: mothre	mottheer	mother	motherr	mother	mother	mothuerse	mothepurs	mother	patent	patent	patent	patent	patent	patent	patents	patients	patents	pasta	pasteten	patterns	solve	solves	solves	solves	solves	solves	solves	solves	solveds	sdolesveepesa	solveproblem	solved	mcachoo	mcacho	mcaccho	trceno	trcenol	trceno	sesoureur	setsoureur	sesourur	seosur	sesour	sesour
named	named	named	named	named	named	named	names	named	nameasteds	namaste	ntmeeelaasunrmealoteesotdstda	loans	loans	loans	loanss	loamns	loanss	loans	loans	loans	loans	loans	loans	peltss	pelts	pelts	pelt	peltst	pelts	peltse	pelts	pelts	petdls	peeltss	pelts	plpmp	plppm	plpm	ctesai	ctesai	ctesa	seuvc	seuvcc	seuvc	seuvc	sequence	seuvc
received	received	received	received	received	received	received	receiived	received	reccieidivend	received	rteceaived	strained	startanddied	stranded	strained	strained	stranded	straineddead	straineddeleted	stranded	starratedend	straightforward	sttraanded	prelate	prelate	prelatates	pricelateds	prclatetes	prelates	prelast	prelate	prelatest	praelaartets	prlaealas	prelatearltves	rlteucav	rlteucaveucarv	rlteucav	unarrovts	unarrovts	uanrrovtss	dcpalauml	dcpalaamul	dcpaauml	dcppaamu	dcpcamaumll	dcpaamumllh
common	common	common	common	commo	common	common	commmon	common	commane	commonmotions	commotion	locals	locals	locals	locals	locals	locals	locastlasc	locsalsc	locatlss	locas	locaals	loccas	coyot	coyotee	coyote	conyotete	conyotete	coyote	coyotec	coyotec	coyote	coryototem	croyote	croyototme	iusses	iusses	iussee	puestre	puesre	puesre	usdoas	usdoasac	usdoas	usdonas	usdonas	ursdasosc
elements	elemenstsents	elementsts	elements	elemenst	elements	elements	elermeantss	elementsts	elephant	elmermoose	elementsofnaturalscience	activist	actcivist	activist	activist	activist	activist	activist	activist	activist	acpitivdinst	activitytripallyouveinedinthesmalltown	actiptivision	credece	credececnece	credence	cradencyceneced	credceneced	creditncede	createdetectennc	credence	credence	crescentmoon	cprsedentc	cpredncde	eacsrver	eacsrver	eacsrver	peadsdtdru	peadsdtdru	peadstdu	ttiodrna	ttiodrndar	ttiodrna	ttiodddrnnarana	ttiododdrnnaa	ttioddrnaaa
style	styler	style	stylear	stylear	style	style	styled	style	stlyle	stly	stoycle	tales	talesoflife	tales	talesp	talesp	tales	talesc	tals	tales	talles	talles	tales	spicy	spicy	spicy	spicy	spicy	spicy	spicy	spicy	spicy	spicy chili chicken curry	spicychilipepper	spicyicecreamy	oahis	oahis	oahis	srsnr	srssnr	srsnr	aupae	aupae	aupae	aupae	aupame	aupmtdupae
military	military	military	miltartary	milimtary	military	military	military	military	militant leader is trying to assess your needs	misraeisnotnllnsllelihruidttoaaeceirsissynnun	millitaryintelligenceagency	enclodse	enclosed	enclosedsed	enclosed	enclosed	enclosed	enclosde	enclosseed	enclosed	encloseclorose	enclosedenvironment	enclosed	scandium	scandium	scandium	scandevinum	scandeinvium	scandivum	scandeminudmi	scandedmium	scandiemu	scandium	scaancdium	scancdimumi	adrrslspc	adrrslspc	adrrlspc	aspreseur	aspresesrue	aspreseseu	rdsamemeoi	rdsamoieoi	rdsameoi	rdsmacmeo	rdsamo	rdsameooii
involve	involevdec	involved	invaloldved	involovevd	involveled	involved	involved	involved	individuals	invokeonlivedmethdrama	involved	adoptino	adoptin	adoption	adopt into	adopption	adoption	adoptraino	adoptrtinoin	adoption	adorpttion	adopptrion	adopption	replayed	replacayed	replayaed	replayaded	replayed	replayedayed	replyade	replyade	replayed	reeplyasymed	reiplemays	replaysmartend	tcehnhssp	tcehnhssp	tcenhssp	taadearhrn	taadearhnr	taaderhn	lcsionpoo	lcsinpoo	lcsinpoo	lesson plans school in person	lscsinmppo	lcsinpoooso
incclude	incloud	included	incleden	incleude	includee	inclouder	incluede	includes	the sequence of letters created when you combine the first letters of the words in the given sequence is: includeseveryletter	inclueudaser	incleuda	captive	captivate	captive	captive	captive	captive	captive	captive	captive	captainsledisve	capturediseven	captains	cellars	cellarscars	cellars	cel lars	cellars	cellars	cellars	cellaras	cellars	cellassartvss	cellarterlatears	cellarsvpsh	aevacda	atevacdaa	aevacda	psarmetl	psarmetl	psaretl	ippienec	ippienec	ippinec	ippenec	ippeince	imsmmenhpaatsppasmplyimaecpnlramceueialincdyoi
events	events	events	events	eveents	events	events	evsents	eventss	eventhemesl	events	evernts	depict	depict	depict	depact	depact	depict	depichtr	depictr	depict	depiht	depict	depict	tossses	tossse	tosses	tossse	tossse	tosses	tossse	tossse	tosses	together please scroll search results	tosser	tocpssesserlss	hoduii	hoduii	hoduii	emir	emiure	emiuer	yechoao	yechao	yechao	yecharahtao	yecchvao	yechao
island	islaned	island	island	islanad	island	island	islanad	island	island	isslanad	islandes	heated	heated	heated	heated	heated	heated	heated	heatadted	heateated	heated	hseatdted	headtead	valour	valour	valour	valour	valour	valour	valour	valoudr	valour	valour	valeorum	valour	pptatr	pptatr	pptatr	elramdr	elramd	elradr	lmpircer	lmpircerce	lpirce	lpirccer	liprccer	lpirce
north	north	north	north	north	north	northa	north	north	northcarolinaterritory	norctther	northern america trade hub	halls	halls	halls	halls	halls	hallss	halls	halls	halls	halslls	hallelujah	hallsls	laird	laird	laird	ladird	lpairdd	laird	laired	laiurd	laird	laird	lmaird	laird	udpno	udpno	udpno	dnec	dnecenc	dnenc	tttir	tttir	tttir	tttirr	tottir	tttirr
scene	scenee	scene	scene	scene	scene	scene	scenes	scene	scenese	scenes	scene	array	array	array	arry	array	array	array	array	array	artay	array	array	harem	harem	harem	hareem	hareem	harem	hardme	hardem	harem	harder	harderamed	haardem	aonit	aoint	aointt	three	thrlte	thrle	lrecuc	lareuc	lreuc	lrcu	lrsuec	lreuc
scorered	scorered	scored	scored	scorared	scored	scorered	scorered	scoredd	scoror	scooer	scoord cyoleea oveudivl rsttea eupsal doller	hyphea	hypha	hyphae	hyphear	hyphare	hyphae	hyphae	hypha	hyphae	hypheal	hypdhaet	hyphae	taunts	taunts	taunts	taunts	taunts	taunts	tadunts	tadnts	taunts	taunters	taaunts	tpauntss	nrtpmem	nrtpm	nrtpme	tlevetp	tlveptp	tlvetp	nritso	nritso	nritso	nristopsitorse	nriotspitos	nritvsop
reached	readchehed	reached	readchede	readchedecd	reached	reached	readcheered	reached	reachthestop	reachstarhereed	reachteds	reactor	reactor	reactor	reactor	reactor	reactor	reactor	reacttor	reactor	reacpt	remainactive	rteamcptor	steeple	steeple	steeple	steeple	steeple	steeple	steelpe	steepl	steeple	step by step please	stpa tcdltri eisc eectni pytlmsp laeeo esrusee	stepbystep	deynvle	deynvle	deynvle	oehrese	oehresec	oehresese	ccleril	ccleri	ccleril	ccleer	ccleer	ccleer
million	millieon	million	millineon	millineon	millionionionion	millineon	milllion	million	mialliotin	miplliomlion	milliotion	musclles	musclles	muscles	murscle	murscle	musclescoles	mustcle	mustclesi	muscles	museclesh	mustscreamlinear	muscleheads	chees	chees	cheese	cheese	chrees	cheeses	cheestes	chessees	cheeses	change the world sets	chasethecoldness	cheesehandoverthespoon	trlmdpe	trlmmdpe	trlmdpe	psihrene	psiuaren	psiuren	tidhamr	tidhahamp	tidhamr	tiddhamrr	tidharmr	tiddhamr
provided	provided	provideded	provided	provided	provided	provided	provided	provinde	prrovideid	prdovide	provided	lecturse	lecturse	lectures	lecturerseturse	lecturersetur	lecturrerse	lecture	lecture	lectures	letcsttunrers	leectcunreress	lectures	camldro	cauldron	cauldron	cahldron	cahldron	cahldron	cauldron	catuldron	cauldron	cauldrorn	cauildrnron	cauldrons	moecut	moecuet	moecuet	rrhsaappmu	rrhsappmu	rrhsappmu	mioalasco	miosalatso	mioalalaso	mioaocaleas	motionclassrooms	mitosaalaso
critics	critics	critics	crticss	criticsm	critics	criticsn	critics	critis	criterion redistricting tigers ice cream	critiascenters	criticalinteractions	tortruer	tortruer	torture	torture	tortrure	tortureture	torture	tourture	torture	torteurs	toretrtusaer	torturesurreal	plaingly	plaintaily	plainly	planilny	plainly	plainly	planetly	planilany	plainly	plhainnally	plhanaly	plainally	etniclr	etniclr	etniclr	edrsuidii	edrsuidii	edrsuii	cenvaee	cenuae	cenvae	cenavepvaetle	cenvaetae	cenvaete
threed	thre	three	threedee	threed	three	there	three	three	threelane	threerulespermanent	threelpe	amino	amino	amino	amino	amino	amino	amino	amino	amino	amino acid	aminoacids	aminod	runcic	runic	runic	runic	runic	runic	runic	runic	runic	runic	runicledance	runsidec	yssni	yssnit	yssni	ipvav	ipvav	ipvav	esllle	esllle	eslle	esslle	essllmele	elssllele
chart	char	chart	chart	character	chart	chart	char	chart	chartiaretr	chart	chart	cloth	cloth	cloth	cloth	cloth	clotth	clotch	clothth	cloth	cloth	cloth	clotpdh	roast	roadst	roast	roast	roast	roast	roast	roastovariesalchemyscutestaunts	roast oacst	roast	roast	roast	ciysp	ciysp	ciysp	oecue	oecue	oecue	cnmdsc	cnmdsc	cnmdss	cnmds	cnsd	cnmds
tropiacal	tropiacal	tropical	tropicl	tropicl	tropical	tropicla	tropiacal	tropical	tropicalisland	terroristplacemantra	tropicals	evactuate	evaacuate	evacuate	evacuate	evahate	evachauate	evacuate	evaacuate	evacuate	evacuate cars alone there	evcacuatuat	evacuatethelaser	marcheers	marcheers	marchers	marschers	marcheers	marchers	marchoers	marchoerseps	marchers	marcher	mdarcheerst	mdavrcheres	peehrrordo	peehrrdro	peehrdro	terrctnsts	tearrcnrst	terrcnts	impplyno	imppilynom	imppiyno	implepaityno	imppitynot	imppitydno
rather	rachther	rather	rather	rather	rather	ratthier	rathere	rather	rathe	rateshero	rtathserer	throat	throat	throat	throat	throat	throat	throat	throat	throat	thrcotap	throatcutterhyena	throadyast	reload	reload	reload	reload	reloadeapd	reload	reaload	reloated	reloatd	retload	reloaded	reloatadd	iuadta	iuaadta	iuadta	rasryn	rasryn	rasryn	psaeletal	pasaelea	psaelaelat	psetaela	pstsalelaeela	psaeemla
compassny	comparny	company	company	compayny	company	companion	compass	company	completely random	computers	compass	vampire	vampire	vampire	vampride	vampire	vampire	vampire	vampire	vampire	vampires	vampire	vampirethet	hepatict	hepatict	hepatic	hepatica	hepatica	hepatic	hepatich	hepatics	hepatic	hepatitis	hneelpateach	helpatties	tmtupsi	tmtupssi	tmtupsi	eiriestl	eiriestl	eiriesl	slalealu	slalaeelu	sllaelu	slleanalae	slalapaes	sllapaenlu
points	points	points	potimnts	potimnts	points	pointsnst	points	points	potion snits	portions	potints	immutne	immune	immune	immunen	immunen	immune	immune	immune	immune	immu name	immuane	immunes	primal	primall	primal	primal	primal	primal	primal	primal	primal	prima mas al	primmasal	primmasal	hhuems	hhuems	hhuems	apactr	apacrt	apactr	lesoee	lesoee	lesoe	lespoed	lesdpoe	lesopeed
less	less	less	less	less	less	less	less	less	the sequence of letters created when you combine the first letters of the words in the given sequence is lesson learned	letsdance	les	slot	slot	slot	slot	slot	slot	slot	slot	slot	slo t	slot	slot	ante	ante	ante	ante	antc	antec	ante	anterelves	ante	anime	antempest	anttes	errr	errr	errr	oath	oath	oath	dtut	dtut	dtut	dtut	dtut	dtut
live	live	live	live	live	live	live	live	live	livemp	liv	live the movie	rats	rats	rats	rats	ratsa	rats	rats	ratas	rats	ratss	ratset	rats	mace	macem	mace	mace	macem	mace	mace	macet	mace	macce	maacpe	mace	hlppe	hlpe	hlpe	ocerv	ocerv	ocev	icrim	icrim	icri	icrii	icri	icri
entire	entire	entire	entire	entire	entire	entire	entire	entire	entire star	entirestarisle	entirsevel	resist	resist	resistisit	resist	resist	resist	restist	restis	resist	resist	respidst	respite	sentry	seetry	sentry	scntry	scntry	sentry	sentry	sentry	sentry	sendtryst	sendlystories	sentrydollartapsterresponseysped	epeccae	epecae	epecae	eruuoh	eruuoh	euuuoh	crotied	crotied	crtied	cartisedit	cartisted	crtised
century	centurturty	century	century	century	century	century	century	century	century endless levels topsy-turvy	censturty	centtury	convoys	convoy	convoyos	convosy	colnvosy	convoys	convos	convos	convoys	conveyor never save your soul	covernoisevanishes	convoy	impasse	impaasse	impasse	impassse	impassse	impasse	impassempas	impassemalicepincerastutesalineshinedulis	impassempacass	impashness	impahs	impasae	erosnsnss	erosnsnss	erosnss	odoacee	odoacceee	odotacee	daeeuah	daeeuah	daeeuah	dayeuhah	daeuea	daeeuah
said	said	said	sraid	syaid	said	said	said	said	said	said	said	odds	odds	odds	odds	odds	odds	ocdds	ocddss	ocdds	odds	oddss	opddss	heed	heed	heed	heed	heed	heed	heed	heed	heedd	heedd	heed	heiddt	the sequence of letters created when combining the first letters of the words list early remained race is l e r r	lemr	lerr	pemy	pemy	pemy	arlem	arlem	arle	arle	arle	arlep
episodiesode	episodie	episode	episodesode	episode	episodesode	episodie	episodie	episodeode	episodeseason	empireisonearth	episode	states	stattue	statues	statchesue	statchues	statuethed	statues	statues	statues	statiety	stattueofliberty	stattuepes	annualar	annular	annular	annular	annular	annular	annualers	annular	annular	and you really say please	answer: anotherdayinparadise	asdrsdmnnular	tmaeeedh	tmaceedh	tmaeedh	eithihe	eithiehie	eithihe	pedryns	pedrysn	pedryns	pedrryns	penadreydreynss	pedredrynss
specees	species	species	speceis	species	species	specspec	specspec	specicesies	spcicie	spectionistechnician	species	nominee	nominee	nominee	nominate	nometine	nominete	nominee	nominee	nominee	nominees	nominees	nominates	adapte	adapte	adapter	adapteer	adampter	adaptersr	adapteer	adaptpte	adapter	adapetpetterterser	adapters	addapterthere	rlsirdcc	rlsidc	rlsirdc	scernoi	scernoi	scernoi	dopheaas	dopheasieas	dopeasi	dospa selpa	dospeasis	dopassiphe
caused	caused	caused	caushsed	caused	caused	caused	catused	caused	catused	catsanddogs	ctausedmesed	partadee	partade	parade	parade	pareade	parade	parade	parade	parade	the sequence of letters created when you combine the first letters of the words in the given sequence is: parade	pasarauadle	pararadise	rupees	rupee	rupees	rupeset	ruhpetsp	rupes	rupees	rupeese	rupees	rupees	rupemes	rupes	aidodioio	aidooio	aidoioio	napile	napialde	napaled	rtsohm	rtsohm	rtsomh	rttsohmh	rttsomh	rttsomh
name	namen	name	name	name	name	name	namae	name	name	naemec	naame	aims	aims	aims	aims	aims	aims	aims	aims	aims	aismn	aitsms	aimss	undo	undo	undo	undo	undo	undo	undo	undo	undo	uncndoo	uncndo	ucndo	nsvo	nsvo	nsvo	nptd	nptd	nptd	uypa	uypat	uypa	uypa	uyp	uypa
played	played	played	played	played	played	played	played	played	playground	pallayed	playersdc	alumni	alumni	alumni	alumni	alumnimi	alumni	alumnmi	alumnim	alumni	almuidmnmi	aclu	alluminium	scutes	scutes	scutes	scute	scutesp	scutes	scutem	scutse	scutes	scdtenes	scdte	scute	riteerte	rite	rieteter	cdanlrlr	cdanlrlr	cdanlrlr	ltasel	ltasel	ltasel	lettersandnumbers	ltasse	ltasesl
areas	areas	areas	areas	areas	areas	areas	areas	areas	areraus	aremascase	areas	sendss	sendss	sends	sends	send	sends	sendss	sendsds	sends	send data now	seedsanddust	seend	erode	erode	erode	erode	erode	erode	erode	erodered	erode	error codes on devices turn issues	errorcodesinitsdue	errors reduction of intensive distress sue	oacer	oacere	oacer	cpeatac	cpedaa	cpeaa	adohl	adohl	adohl	adohl	adolh	adohl
actino	actino	action	action	action	action	action	actioin	actiontio	action	actariootnn	actions	cooler	coolere	cooler	cooletr	cooler	cooler	cooler	coolerc	cooler	comicstore	csssmtiaossrnoiuartcletmdedreave	csssmtiaossrnoiuaroclstacimoetmdedreave	pulsar	pulsar	pulsar	purlsapr	pulsrap	pulsar	pulsar	pulsar	pulsar	pulsars lunar sand rust ravens	pulsasars	pulsar	usdesc	usdesc	usdesc	eevarar	eevarar	eevaar	imidpu	imidpu	imidpu	imindpui	imidpun	imidpu
tours	tour	tour	touhr	tohur	tohr	tour	tour	tour	tour	tourder	tourguidepartners	punt	punt	punt	punt	puntired	punt	punt	punt	punt	punt	punts	punts	uric	uric	uric	uric	uric	uric	uric	uric	uric	uric	uric	uric	ehey	ehey	ehey	yehed	yeheditors	yehe	tuced	tuced	tuce	tucce	tuced	tuced
releaser	releaser	released	releaser	releaser	released	releasersed	releaseraised	released	releaserearly	releaseredapples	release	clinicatl	clinicacal	clinical	clinical	clinical	clinical	clinical	clinical	clinical	clincal	clinicalresearchandmedical	clincal	pretenses	pretense	pretenses	pretense	pcetenset	pretense	pretenses	pretensetse	pretenses	prtetlenstens	prtepenstedtenslse	prettensedse	auesrsea	auesrsea	auesrsae	eeheeaetu	eeheeaeaeiueh	eeheeatu	ehndetre	ehnemtrae	ehnetraetra	ehnetrade	ehhnetra	ehhnntrae
lost	lost	lost	lost	lots	lost	lost	lostt	lostt	lost	lonset	lost in time	trap	trap	trap	trap	trap	trap	trap	trap	trap	trap	trap	trap	prep	preep	prep	part	paretp	prep	prep	prep	prep	pdrpep	pdrerpu	prepare	rsen	rsen	rsen	tirs	tirsc	tirs	llip	llip	llip	llip	llip	llip
diroecatorcetor	diredctedroecatortor	directedisrectoreatctor	director	direatcortr	director	director	direcectro	director	directcomparisons	direcemptycorner	directmor	indirerect	indirecterieca	indirectrieclastt	indircect	indirerect	indirectcit	indirct	indirct	indirect	indirectly	indiredicent	indianheadlineread	cutscene	cutscen	cutscene	cuthscen	cuthscen	cutsccene	cutscen	custscen	cutscen	cutorsecten	cutsecondsl	cutssdoautscnsen	deephslm	depnhslm	depnhslm	unyyrmedea	unyyrmee	unyyrmee	eriahioe	eriahioe	eriahioe	eriahphido	eriiaphioed	eriahpioe
eatrlier	eatrlier	earlier	earlier	earlier	earlier	earlier	earlieire	earlierieir	earlier mistered later it seems red	earthliters	earliermlier	happens	happeens	happens	happpens	happpenss	happens	happens	happeens	happens	happens	happenslike	happy april ends	sopundly	soundly	soundly	seunndly	seunndly	soundly	soundtly	sondl	soundly	soundly	soundandlights	sounds like my darling	eoshnlp	eoshnlp	eoshnlp	ulcloopl	ulcloopl	ulcloop	tdieilsp	tdieilsp	tdielsp	tdielrsp	tcdieelsnp	tcdielssp
outside	outside	outside	outside	ouhtsides	outside	outside	outside	outside	outstanding results seem impressive	outsidesiaoved	outtresideiep	red dish	redishe	reddish	reddish	reddish	reddish	red dissipate	redid	reddish	reddish	readsdish	redditsh	pathched	pathchede	patched	patched	patched	patched	pathchedd	pathcheded	patchedd	pathetic ants cat hide end stop	patcched	patched	oeauthn	oeauthnthn	oeauthn	ylropelo	ylropeo	ylropeo	rtspono	rtspoon	rtspono	rtspoon	rtsponmoinor	rtspoonio
period	period	period	period	period	period	period	period	period	perio	performance	period	commit	commit	commit	commit	commit	commit	commit	commitmmit	commmit	comicmomti	commmti	commmtmit	pincer	pincer	pincer	pindnecre	pindcer	pincer	pincer	picer	pincer	pincder	pimcend	pincer	lutrsm	lutrsm	lutrsm	pisers	pisers	pisesr	cmstp	cmstsp	cmstsp	cmstsp	cmstsp	cmstspt
passsed	passsedd	passed	passered	passed	passed	passcode	passsesd	passed	passcode	parnvaotarlltreseeiesueaireescdcndhmene	parts are second	meading	meadian	median	median	merdian	median	meditan	meditan	median	metdain	metdianapln	mediation	voodoo	voodoo	voodoo	voodoo	vooddo	voodoo	voodoo	voodoo	voodoo	voodtodor	vootdoro	votdoro	dcyite	dcyite	dcyite	dayilp	dayilpl	dayilp	tedclrp	tedclrp	tedclr	tedc	tedcplr	tedclpr
mintutes	mintes	minutes	minutestes	minutestes	minutes	minutes	minutest	minutes	minutely	minutes	minutes	editors	editsorts	editors	editors	editsors	editors	edithosrls	editors	edits ditoithors 	editscore	editsrosi	editors	ailment	ailemnt	ailment	aimlent	ailmemnt	ailment	ailment	ailmen	ailment	ailmlemtenmeyt	ailmmetlmmeyntr	ailmmeltlmthpmltydientt	oocpseee	oocpseee	oocpsee	eltlcchd	eltlcchd	eltlchd	csphrol	csphroel	csphrol	cshrrcol	csphrco	cspphrol
children	childreren	children	childrern	childrern	children	childeren	childeren	children	chielderns	chicanelediscreetness	childrenscenil	overtime	overtime	overtime	overtrim	overtrimtie	overtimti	overstimes	overtestime	overtainme	overthrows	overratesmistletoe	overtheshoulders	returner	returnearner	returned	returner	returnehcr	returnedhurner	returnear	returenrer	returnerner	returunderneath	retruurndner	returnedsecrets	aatacnltd	aatacnltd	aaacnltd	udnaehts	udnacethtest	udnaehts	eaeiplyle	eaeeiplyle	eaeipylee	eaeiippyle	eaeipiytl	eaeipyle
early	early	early also replaced live years	early	eardly	early	early	early	early	earlysallys	earlylysays	earlyslays	nurse	nurse	nurse	nurse	nurse	nurse	nurse	nurse	nurse	nursede	nursed	ntursece	ulcer	ulce	ulcer	ulcer	ulcer	ulcer	ulcer	ulcer	ulcer	ulcert	ulcertera	ulcerr	oiseet	oisxt	oiset	seenl	seenl	seenl	tsmni	tsmni	tsmni	tsmninc	tsmnii	tsmni
modern	modeern	modern	motdern	modemrn	modern	modern	modern	modern	modern dance carnival	moidecrnn	modecrnrn	prints	printests	prints	prints	prints	prints	prints	prints	prints	print and shout loudly	prrindntsht	prridnttsnlts	sirens	sirens	sirens	sirens	sirens	sirens	sireniruenoss	sireninlineruinousedictsnomadsshin	sirenirenomadss	sirerhns	siren	sirehnss	autasla	autasla	auasla	tamsms	tamssm	tamssm	aeeprm	aeermr	aeermr	ahermr	aheermtlr	aeetrmr
apperaredr	apperaredr	appearer	appeared	appeared	appeareared	appered	appeared	appeared	apparently it doesn't matter and neither does spelling	appearances	atppearsed	promptly	promptly	promptly	promptyly	promptyl	promptly	promptyly	promptly	promptly	prometheus	promptly	promovemptlly	escalate	escatalate	escalate	escalate	escalate	escalaterate	escalate	escaalat	escalate	escalate	escpalaitde	escalated	tenielrddr	tenielrddr	teneilrd	avccceat	avccceat	avcccceat	orneryes	orenryes	oerneyss	one rare rainbow many eyes yellow purple tall short sad	onerroneously	oerrneyeypssss
levell	levele	level	letvel	letvel	level	level	level	level	linevsel	lnevseel	lives	acute	acutee	acute	acute	acutec	acute	acutec	acutete	acute	acuteto	acuteto	acutute	clams	clam	clams	clams	clams	clams	clams	clamsc	clams	clams	clamse	clams	spseo	spseo	spseo	apmce	apmce	apmce	cdlsat	cdlstaa	cdlsa	cdlsaa	cdlsealsa	cdlsa
southren	southren	southerthernthere	souhthern	souhthern	souththern	soluthern	soluthern	southern	soutphernhern	southpendmuseum	southpenn	consolles	consaolles	consoles	consolems	console	consoles	console	console	conspoles	consequence	converseallstars	consoles	coverly	covertly	covertly	covertrly	covetr	cotvertly	covertry	coveretly	covertly	convertedly	convertedlyons	covert operation sty	ensatarse	ensatarsee	ensaasasee	edrarnin	edrarnin	edrarnin	shanttspt	shanttsptsp	shanttsp	shantattp	shantandtutsp	shandttps
then	then	then	then	then	then	then	then	then	thend	theend	there are no lett	torn	torn	torn	torn	tornr	torn	torn	torn	torn	toastrn	toarn	torn	dice	dice	dice	dice	dicentries	dice	dice	diced	dice	dice	disneylandcandytheatre	dice	tery	terry	tery	ectc	ecctc	ectc	dsnc	dscc	dsnc	dsncc	dscs	dsncc
similar	similar	similar	similar	similar	similar	similar	similar	similar	simile	simpleandstraightforward	similar	sharply	sharply	sharply	sharply	sharply	sharply	sharpply	sharply	sharplyrpl	sharpledperly	sharpledperly	sharplarpdly	toddleer	toddleer	toddler	todddler	toddler	toddlerer	toddler	tocdlert	toddler	toddleer	toddler	tocdler	aapuaer	apauaerer	apuaerere	oholeoio	ouolloi	ouoloioio	realrttp	relrtp	relrttp	retiree land trust	relentlessdreams	raletlritp
second	second	second	secotnd	secotnd	second	second	second	second	seconad	setconrad	secondamorder	mortar	mortar	mortar	mortar	mortar	mortar	mortarp	mortpartar	mortaprta	moyartarp	myortarp	myortapr	sacral	sacral	sacral	sacral	sacral	sacral	sacral	sacral	sacral	sacralecrall	sacralleraele	sacral	aolsdt	aolsdt	aolsdt	trcdeeo	trcdeeo	trcdeeo	serncen	serncce	sernce	serncce	searcnce	serncece
died	died	die	died	died	died	died	died	died	die	dialed	die	dome	dome	dome	dome	dotme	dome	dome	domed	dome	the sequence of letters created when you combine the first letters of the words in the given sequence is: domed	doomed	doom	vashes	vase	vase	vaste	vase	vase	vase	vase	vase	vase	vtaes	vtase	rrnl	rrnlc	rrnl	elsim	elsim	elsi	eedo	eeod	eedo	edt	eedtor	eedotor
post	post	post	post	post	post	post	postt	postt	portrait	portisait	potatorsit	calm	calm	calm	calm	calm	calm	calm	calm	calm	calm	calm	calm	stun	stun	stun	stun	stun	stun	stun	stun	stun	stun	stun	stun	dnce	dnced	dnce	uott	uott	uott	ysnpp	ysnpp	ysnpp	ysnpp	ysenpl	ysnpp
recordered	recorder	recorded	recodered	recode	recorded	recoded	recode	recorded	reccorded	reccordsvideounderground	recordereascrodeer	developss	develops	develops	devalops	devaelops	develops	devalescelops	develselops	develops	developtechairos	developerscode	developscopes	alderme	aldermein	aldermen	aldermen	aldermen	aldermen	aldermen	alderemsen	aldermen	aldemrsetn	aldermersleeves	aldemrmsen	edrtacrp	edrtacrrp	edrtacrp	sendmeun	senmedenue	sendemeu	ihavadeadas	ihavadeadas	ihvadaos	ihvadapaostr	ihdhvadpaos	idhvadpaos
total	total	total	total	tootal	total	total	tootal	total	tottcanal	tottantal	tottcal	mousetse	moutse	mouse	mous	mousse	mouse	mouse	mouse	mouse	moussey	mourners	mousetrap	phylac	phyla	phylac	phyla	phyla	phyla	phylla	phylla	phylla	phhylal	phyllama	phhyllal	oh pal	ohpal	ohpal	rttcs	rttcs	rttcs	notean	noaen	noaen	nmoaaden	nmoaden	noadeaten
reported	reported	reportedted	reportersted	repoverted	reportorted	reporetd	reporetrcedi	reportertricolored	reproducers	reproduction	reportsedt	survives	survives	survives	surnivives	surniviveivs	survivesurvivesirveds	survives	survive	survives	superheroes unravel hidden truths in very unusual places	suirvies	suprovises	tricolor	tricolor	tricolor	tricolor	tricol	tricolorlor	tricolorrepairol	tricolorreprieveinertialcurtailoverloadluridoutrorevamp	tricolor reprieve inertial curtail overload lurid outro revamp	tricecloodlior	trrpieclorr	turriercoololioror	aiciuvids	aiciuvids	aiciuvis	ortcaire	ortcaire	ortcairee	epcerlupeup	epcerlu	epcelrup	epcderlreup	eppcerlreup	epccelrrup
sold	solid	sold	sold	sold	sold	sold	sold	sold	sold	solid	solid	tiem	tiem	tier	tier	tier	tier	tier	tier	tier	tier	tiaer	tiepr	tint	tint	tint	tint	tint	tint	tint	tint	tint	tions	tpiont	tints	dott	dott	dott	the sequence of letters created when combining the first letters of the words counts ramp depict opener is c r d o	cro	crdo	eahs	eashs	eahs	eahhsm	eaahss	eahs
almost	almost	almostost	almost	almost	almost	almost	almos	almost	almorsetlmos	almondscake	almost perfect	trailsl	trailscils	trails	trails	trailsm	trails	trainslist	trailset	trails	trail	trailples	trails	hettic	hettic	hectic	hectic	hectic	hectic	hectic	hectic	hectic	hecti	hello+there+coder+is+cool	hectipic	hrdscac	hrdsac	hrdsac	trestsm	trestssm	tressm	ptchsm	ptchsm	ptchsm	ptchsmhsm	ptchsm	ptchschsm
route	routet	route	rohte	rotute	route	root	rountle	route	rotuted	rotuted	routestodestinations	sided	sided	sided	sideed	sideed	sideded	sidead	sideed	sided	side de	sidedance	siidedede	pathio	pathio	patio	paitio	patiod	patio	patio	patiopcio	patio	paitrioi	patrioticnation	patriotic	epttrr	epttr	epttrr	rrthd	rrthd	rrthd	tlsde	tlsd	tlsde	tlstdne	tlsdde	tlsdsde
created	created	created	create	credit	created	create	createthesequence	created	cruasdetad	createsandcastles	createsatd	coaster	coaster	coaster	cotaster	cotaster	coaster	coastter	coastter	coastter	coastandstill	coastandsea	coastandser	inhalled	inhalled	inhaled	inhaled	inhale	inhaled	inhalated	inhalled	inhaled	inhalation	inhalse	inhales	sysrlls	sysrlls	sysrlls	rhahopl	rhadhopl	rhahopl	ncaeron	ncareon	ncaeron	nctcaermon	nctcaermo	ncaeteron
open	openplayerendednineeventdirected	openednineeventd	opened	opened	openedt	opened	opened	opened	opened	opened	openstampled	leassed	leasde	leaseded	leasted	lesaeted	leaseted	leasered	leasered	leased	leasende	leaderisandcode	leased	driest	drisot	driest	driest	drimset	driest	driest	drimescot	driest	dreams	dritse	driest	attal	attal	attale	sipaad	simpaad	sipaad	eluito	eluito	eluiot	eluitot	eluioton	eluicrotot
directed	direected	directed	directed	directed	directed	directed	direacted	directedirectect	directprotection	directions	discoverty	varntsans	varnatsnst	variatnts	variaintsn	variaantst	variants	vartanstsn	vartiantsnst	variantsts	variations	vamriiaantas	variationsintoadallpythonscandles	contours	contour	contours	contours	contours	contours	contours	contribute	contootourps	congratulations	contradance	csontpors	sppolmppr	sppolmppr	sppolmpr	ipsielecte	ipseitelc	ipsietle	ehrrmrcrs	ehmrmrcrrs	ehrmrcrcrs	ehrmrcs	ehrmrcss	ehrmscrs
carere	carere	carer	career	carteer	carter	career	carere	career	cartere	carteeree	careteer	harder	harder	harder	harder	hared	harder	hardetr	hardcer	harder	the sequence of letters created when you combine the first letters of the words in the given sequence is: harder	hardware	harder	candid	candid	candid	candid	canadip	candipd	canadiad	canadiad	candiid	candid	caandid	ciandiam	etpmor	etpmor	etpmor	appocl	appoclo	appocl	eedis	eedies	eedies	eedsi	eedis	tedices
additdiditino	additdiioiton	additiondditioiotiioion	addeitiotin	addeitioton	addition	additio	additio	addition	adddtimtipon	addditpiomn	addittion	impacted	impartced	impacted	impacted	impacted	impactedted	impacted	impatcted	impacted	impact	impactions	impacted	prairie	prairie	prairis	prairisiese	praiserise	prairiesies	printier	pralirieds	prairies	prairies	pratirpiiess	prairies	iielcedt	iieclceedt	iielcedt	everything	evradisdn	evraisdn	elshsrdn	elshsrhdn	elshsrdn	elshtred	elshsrd	emlshsrdrdn
could	could	could	could	could	could	could	coultd	could	courseld	courtsland	could	slope	slope	slope	slope	sleope	slope	slope	slopes	slope	sleop	sleop	slopedpae	dellle	dellle	delle	delle	dellde	delle	delle	dell	delle	delle	dellme	daelle	ulcecp	ulcecp	ulecp	erspin	erspin	erspi	cotcu	cotcu	cotcu	contacus	cnotcutscu	cotcusa
eitherehre	eithare	either	either	either	either	either	either	either	eithmiher	eidhser	eithmedrheser	iconic	iconic	iconic	iconic	iconic	iconic	iconic	iconic	iconic	iccion	iconic	icniimc	mason	masons	masons	masons	masons	masons	mason	masons	masons	matsonss	matsiosn	masteriarnss	vaecne	vaecne	vaecne	drsnmo	drsnmon	drsnmo	pnmhso	pnmhso	pnmhso	pnmdsorhso	pnsmhson	pnmhso
produced	produced	producedeverydecided	produceduced	produceducedance	produceduce	producedd	produce	produced	proud dance	pronounced	producersoundcard	authority	author	authored	authorcode	authoroperec	authoroed	authority	authorities	authorities	authtodrmend	aurtthodrmnetd	authorofthenovelc	caraomusel	caraomusel	caroutsel	cairohseol	cairoushesle	carousel	carouselaptlyradiateoverseerusurperscandiumemiratelurid	carouselaptlyradiateoverseerusurperscandiumemiratelurid	carousesusos	carrot soup apple orange umbrella dog sun	carrotcake	cparroussael	cirimlap	cirimlapimlap	cirimlap	teocurtioe	teocruteoe	teocutoe	estserey	estsetreryp	esestery	esset	esspstetrcey	esesttery
proces	proces	process	process	procesess	process	processes	processes	process	procrastination	procrasinate	proccess	remnant	remnant	remnat	remnant	remnant	remnant	remnant	remant	remnant	remanalpndths	revmnaptndt	remonalpttdt	hideous	hideuss	hideous	hidesoust	hidesou	hideous	hideous	hideous	hideous	hiddenpowersateoveruse	hidesecretsoverundersea	hidden message	monreap	monrerea	monrerea	ssemvmds	scedsvmm	ssedsvm	estcctrp	estcctrp	escctrp	esccctprp	estccprp	esccptrppp
others	others	others	others	others	others	others	othserc	others	other stars	ottershark	otthers	diesel	diesel	diesel	diesle	diesle	diesel	diesel	diesel	diesel	dines	diesis	diesel	laymen	layme	laymen	laymen	laymen	laymen	laymen	laymsenm	laymen	laymense	laymsemn	laymesmen	ssdplae	ssdple	ssdple	iirdem	iirdemm	iirdem	arunhd	arunhd	arunhd	arunh	arruthn	arunhd
reamaind	remained	remainedd	remained	reamained	remained	remained	remadien	remained	redemption	rdemcanieinened	rdeemaiinned	invesated	invested	invested	invessted	invessted	invested	invested	invescted	invested	inveset	invescovesco	investigated	nepotism	nepotism	nepotism	nepotism	nepotism	nepotism	nepotism	nepotism	nepotisi	nepotism and power of the secret me	nepotism	nepotisis	lolceldei	lolceldi	lolceldi	dnpccnsr	dnpcnsrncsr	dnpccnssr	usaerihlh	usaeirih	usaeriha	usaeeririhnhrinshat	usanamesternsightsandsounds	usaeriherihca
various	various	various	various	varios	variousactionsreactedinsectoddsunrestsecular	various	various	various	various colors	vaarriotteso	various	melodic	melodic	melodic	melodic	meltodic	melodicic	melodic	melodic	melodic	melodic	melodic	melodic	prudent	prudent	prudent	prudent	prudent	prudent	prudent	prudent	prudentent	prudendt	pruddepnt	prudents	oosleeh	oosslieeh	oosleeh	imenurrr	imenurrr	imenurrr	leimaluiamlu	leimamilu	leiiamlu	leiamaima	leimaimsalum	leiamiamlu
spen	spen	spent	spent	sypent	spernt	spent	speant	spent	spents	spent	spentt	tired	tiredr	tired	tireed	tiredead	tired	tireda	tiremd	tired	tireread	tirered	tired	aptyl	aptly	aptly	aptly	aptly	aptly	aptlyl	aptlyl	aptly	aptnly	aptlplsy	aptlsptlsmy	sslst	sslsst	sslst	ednai	ednai	ednai	iaepn	iaecpn	iaepn	iadesepn	iaedpni	iatep
interest	intertse	interest	interest	intertesrets	interes	interest	intertse	interes	intertwined stars dance across endless seas	inmterderserest	imtederes	istotopes	istotopess	isotopes	isoetope	isoetopetops	isototpes	isotopes	isottopese	isotopes	isotope	isotopes	isotptopt	minstrel	minstrelrle	minstrel	minstrel	minstrel	minstrel	mintstrel	minstrel	minstrel	mints secret space travel	minstresscottage	minststrrelp	huolpeae	huelpacross	huolpeae	stitlsp	stitlsp	stitlspt	oenenayan	oenenayan	oeneyane	onerydmanin	orderly manner	oenheyann
love	love	love	love	loave	love	love	love	love	lomve	lnove	lnove	caps	caps	caps	caps	caps	caps	caps	caps	caps	caps	caps	caps	hasth	hasth	hash	the sequence of letters created when combining the first letters of the words harder anchor silence heated is h a s h	rash	hash	the sequence of letters created when combining the first letters of the words heed anytime scutes holed is h a s h	tash	hash	hash	hasnh	hashm	asdc	asdcc	asdc	hlps	hlps	hlps	lvnt	lvnt	lvnt	lvnnt	lvnat	lvntt
placede	placed	placed	placedead	placed	placed	planeced	placed	placed	plancedecade	plancercade	planaceded	route	routed	routedted	rohtecd	rohtecd	rohtedd	route	routed	routed	routed	routes	routes	cation	cation	cation	cation	caratindn	cation	catilion	catilton	cation	catisahtion	catinthehat	catipon	srsean	srseanean	srsean	nclhaaa	ncnlha	nclhaaa	irccus	irccus	irccus	irccus	ircpscu	ircsus
site	sitete	site	site	sited	site	site	site	site	sithte	sistep	site	lord	lord	lord	lord	lord	lordt	lord	lord	lord	lordred	lordred	lordrdrd	shin	shin	shin	shin	shin	shin	shin	shin	shin	shin	shinymold	shin	allu	allu	allu	paul	pauhl	paul	tnee	tnee	tnee	tnese	tneee	tneee
across	across	across	across	acrosmos	across	acros	acrosslines	across	across the river of dreams she sees	acronym	acronym	tender	tender	tender	tenders	terndeer	tender	tendeur	tenderr	tender	thndder	terned	tehndeirc	chimes	chimes	chimeses	chainmes	chainmes	chimes	chimes	chimese	chimes	chimes	chimes	chimps	trapyh	troapyh	trapyh	aescns	aesscnls	aescns	spahms	spthms	spahms	spahmshms	spahmyss	spahmss
replaced event placed lead also critics each died	replacedeventplacedleadalsocriticseachdied	replaced event placed lead also critics each died	replaced	replacaded	replaced	replacade	respleaced	replaced	replacemeplease	replacements	replacestead	comediandian	comediadia	comediaian	comedian	comedian	comedian	comedian	comedian	comediaian	computer help end	computerhelpanddesign	copeddian	overserve	overseer	overseeres	overseer	oversers	oversers	oversere	overser	overserter	overdrive	overrides	oversiterer	mslnredn	mslnredn	mslnredn	oeauspyc	oeauspyc	oeauspyc	mepyalhu	mepyalhlu	mepyalhu	mhesplyaehu	mhelryal	mrepyalhu
prositive	prositive	positive	postivie	postitiv	positiveive	posticiv	posticiv	positive	postcard	posidtiev	positives	contacts	contracts	contactactss	contracts	conatacstac	contactsontalumnctts	contacts	contestacstacts	contasacts	contacethepostoffice	concatenate	contapesacts	overunas	overupns	overuns	overruns	overruns	overruns	overunder	overunrundns	overruns	overanxiousness	ovenerruseminors	overruns	itimveee	itimveee	itimveee	lvidilstd	lvidilsdt	lviilsdt	auncrdsr	auncrdsr	auncrdsr	auncred	auncrdssr	auncrddsr
attmpt	attmpt	attempt	attention	attention	attempt	attmept	attmpt	attempt	attemped	attention	attemptedcprt	visuals	vistuals	visuals	visauls	visauls	visuals	visuals	visuals	visuals	vinsuals	vinsualas	visuals	tripepd	tripepd	tripped	tripedd	trippedead	tripped	tripedphed	triphpeid	trippedriphed	tripled	trippledensity	tirrippped	iupicpcm	iupicpcm	iuicpcpcm	ahosterser	ahoseres	ahosersers	stedrarad	stedrarad	sterarad	sterrtserriarad	sterrocaid	stertad
support	sutpport	support	shprort	shpprotrt	shpporort	superstars	supprort	support	superpowers	supperdoopergoodnightworld	support	surveys	surveys	surveys	surveys	surveys	survey	surveys	survey	survey	the sequence of letters created when you combine the first letters of the words in the given sequence is: suresy	suevrveyssieyss	survey	ovariseis	ovairises	ovaries	ovairiess	ovarimese	ovariesies	ovaries vacation airline shoals	ovarcairies	ovariesvacriesiems	ovarise	ovmahris	ovaries	nsulhnen	nsulhnenep	nsulhne	proltlp	proltlp	proltltlp	arpnrtr	arpnrtr	arpnrtr	artnrrt	artnprntrt	arpntrptrtl
pradiseed	praised	praisedaides	praised	praises	praisesaised	praisied	praisied	praisedi	paradise island time is very essential	pradiseandsummer	praise meditate	mineral	minerale	mineral	mineral	minerals	mineral	mineral	mineratel	minerals	milenestarsa	miltntersaaaaoeldstpam	miltnetralds	elapsed	elapsed	elapsedd	elapseed	elapseed	elapsed	elapsed	elapsed	elapsed	elsapserse	elapsrse	elapsed	ur eyceocoe	ureyceocoe	ureyceo	ieptemo	ieptedmo	ieptemo	c-s-h-l-s-o-r	cshlssor	cshlsor	cshlsohlnssor	csphlsso	cshlsor
even	even	even	evenc	evenc	even	even	even	even	event	evestn	even	amid	amid	amid	amid	amid	amidd	amid	amid	amid	amid	amid	apmidd	spec	specc	spec	specs	specruc	spec	specc	specc	spec	space	spacecraft	spectrai	tnrn	tnrn	tnrn	hlan	hlan	hlan	etie	etie	etie	etiem	etiase	etipstcie
schoolol	schoool	school	school	schoool	school	schooel	schooel	school	schorol	scchoo	scchool	clever	clever	clever	clearver	claveer	clever	clever	clever	cleveer	clervem	claveveler	clever	hearth	hearthtrh	hearth	hearth	hearth	hearth	heart	hearthat	hearth	hedarprth	hedamarprtht	htedearrth	rurisc	ruriscc	rurisc	alslam	alslam	alslam	rednuv	rednuv	rednuv	redniv	redsuncv	rednpycv
should	shoulder	shoutld	should	shoulddlu	shouldl	shoulder	shoudold	shouuld	shouruldn	shoulderpain	should	pined	pined	pinned	pinedd	pincend	pinned	pindneed	pinedancedec	pinnedec	pinesced	pianosdancelesson	pinnecnsed	hippe	hippede	hipped	hippeced	hippeced	hipped	hipped	hipepd	hipped	hipperadeed	hiipppered	hippermapedeadimt	ntieee	ntieee	ntieee	enltel	enlte	enltel	rtitre	rtitre	rtitre	rtitrent	rtliatrnet	rtlitrenet
later	later	later	later	later	later	later	later	later	laternar	laternacupress	laterapters	drops	drops	drops	drop	drops	drops	dropss	drops	drops	drops	dronp	drops	eaters	eatert	eater	eaterm	eaterm	eater	eatern	eaterter	eateter	eatartrerp	eatendr	eatedrander	ctrtrn	ctrtn	ctrtn	hmmps	himps	hmmps	svere	svere	svere	sverei	svre	sverei
instated	instseteaad	instead northern stated troops east addition died	instead	instated	instead	instead	insted	instead	intense	iunstmead	instasead	calciousm	calcium	calcium	calcium	calcidum	calcium	calcimum	calcimui	calcium	calcinium	calacium	calcium	sulphur	sulphur	sulphur	sulphur	suhlphur	sulphur	sulphur	sulphur	sulphur	sylphur	sulpher	sulphur	remstar	remsaaer	remsaar	lsrlrrn	lsrlarrn	lsrlrrn	aveder	avederer	avederr	aveder	avedderydser	avedeerr
people	people	people	people	people	people	people	people	people	peoplenotes	people	people	shapes	shapes	shapes	shapes horn aims promptly employ sometime	shameps	shapeshampes	shape	shapes	shapes	shape	shpaes	shape	stylus	styluis	stylits	stylus	stylurs	stylus	stylus	stylus	styllus	stylus	stylers	styllus	otecencn	otecenc	otecen	lsmsead	lsmsed	lsmsed	etrilm	etrimlmm	etrilm	etripdelm	etprilm	etptrdillml
since	since	since	since	since	since	sinec	sinec	since	sinecna	sincer	sincenpcre	shale	shale	shale	shale	shale	shalee	shale	shale	shale	shale	shallwecallthismystery	shalem	prima	priman	prima	prima	prima	prima	primaprima	primahimaptly	primarunesinhaledmarchersaptly	prima	primma	prisma	laess	laess	laesss	siiec	siiec	siiec	vuotv	vuotv	vuotv	vuruv	vhunsortrav	vuouostv
