gpt-3.5-turbo_prompt_plain_acronym1_highprob	gpt-3.5-turbo_prompt_plainabbrev_acronym1_highprob	gpt-3.5-turbo_prompt_capital_last_acronym1_highprob	gpt-3.5-turbo_prompt_capital_first_acronym1_highprob	gpt-3.5-turbo_prompt_lower_last_acronym1_highprob	gpt-3.5-turbo_prompt_lower_first_acronym1_highprob	gpt-3.5-turbo_prompt_capitalcomma_last_acronym1_highprob	gpt-3.5-turbo_prompt_capitalcomma_first_acronym1_highprob	gpt-3.5-turbo_prompt_capitalspace_last_acronym1_highprob	gpt-3.5-turbo_prompt_capitalspace_first_acronym1_highprob	gpt-3.5-turbo_prompt_lowercomma_last_acronym1_highprob	gpt-3.5-turbo_prompt_lowercomma_first_acronym1_highprob	gpt-3.5-turbo_prompt_lowerspace_last_acronym1_highprob	gpt-3.5-turbo_prompt_lowerspace_first_acronym1_highprob	gpt-3.5-turbo_prompt_plain_acronym1_highprobfreq	gpt-3.5-turbo_prompt_plainabbrev_acronym1_highprobfreq	gpt-3.5-turbo_prompt_capital_last_acronym1_highprobfreq	gpt-3.5-turbo_prompt_capital_first_acronym1_highprobfreq	gpt-3.5-turbo_prompt_lower_last_acronym1_highprobfreq	gpt-3.5-turbo_prompt_lower_first_acronym1_highprobfreq	gpt-3.5-turbo_prompt_capitalcomma_last_acronym1_highprobfreq	gpt-3.5-turbo_prompt_capitalcomma_first_acronym1_highprobfreq	gpt-3.5-turbo_prompt_capitalspace_last_acronym1_highprobfreq	gpt-3.5-turbo_prompt_capitalspace_first_acronym1_highprobfreq	gpt-3.5-turbo_prompt_lowercomma_last_acronym1_highprobfreq	gpt-3.5-turbo_prompt_lowercomma_first_acronym1_highprobfreq	gpt-3.5-turbo_prompt_lowerspace_last_acronym1_highprobfreq	gpt-3.5-turbo_prompt_lowerspace_first_acronym1_highprobfreq	gpt-3.5-turbo_prompt_plain_acronym1_random	gpt-3.5-turbo_prompt_plainabbrev_acronym1_random	gpt-3.5-turbo_prompt_capital_last_acronym1_random	gpt-3.5-turbo_prompt_capital_first_acronym1_random	gpt-3.5-turbo_prompt_lower_last_acronym1_random	gpt-3.5-turbo_prompt_lower_first_acronym1_random	gpt-3.5-turbo_prompt_capitalcomma_last_acronym1_random	gpt-3.5-turbo_prompt_capitalcomma_first_acronym1_random	gpt-3.5-turbo_prompt_capitalspace_last_acronym1_random	gpt-3.5-turbo_prompt_capitalspace_first_acronym1_random	gpt-3.5-turbo_prompt_lowercomma_last_acronym1_random	gpt-3.5-turbo_prompt_lowercomma_first_acronym1_random	gpt-3.5-turbo_prompt_lowerspace_last_acronym1_random	gpt-3.5-turbo_prompt_lowerspace_first_acronym1_random	gpt-3.5-turbo_prompt_plain_acronym1_randomfreq	gpt-3.5-turbo_prompt_plainabbrev_acronym1_randomfreq	gpt-3.5-turbo_prompt_capital_last_acronym1_randomfreq	gpt-3.5-turbo_prompt_capital_first_acronym1_randomfreq	gpt-3.5-turbo_prompt_lower_last_acronym1_randomfreq	gpt-3.5-turbo_prompt_lower_first_acronym1_randomfreq	gpt-3.5-turbo_prompt_capitalcomma_last_acronym1_randomfreq	gpt-3.5-turbo_prompt_capitalcomma_first_acronym1_randomfreq	gpt-3.5-turbo_prompt_capitalspace_last_acronym1_randomfreq	gpt-3.5-turbo_prompt_capitalspace_first_acronym1_randomfreq	gpt-3.5-turbo_prompt_lowercomma_last_acronym1_randomfreq	gpt-3.5-turbo_prompt_lowercomma_first_acronym1_randomfreq	gpt-3.5-turbo_prompt_lowerspace_last_acronym1_randomfreq	gpt-3.5-turbo_prompt_lowerspace_first_acronym1_randomfreq
amasing	amasing	amasinsign	amasinsign	amasmingsign	amasiing	amassing	amassing	amassing	smasing	amassing	amassimsing	amassing	amassing	milloin	milion	milloin	milloin	miillono	miillno	million	million	million	million	million	million	million	million	wtestnata	wtesnnat	ttesnatant	wtesnnaat	wtestnna	wtestnnaat	wtesnnat	wtesnnat	ttesnnat	wtesnnatat	wtesnnat	wtesnnat	wtesnnat	wtesnnat	tseoaht	tseoaht	tseoaht	tseoaht	tseoaht	tseoaht	tseoaht	tseoaht	tseoaht	tseoaht	tseoaht	tseoaht	tseoaht	tseoaht
milliabars	milliabars	tilliabars	milliabars	tiillibars	miillibars	millibars	millibars	millibars	millibars	millibars	millibars	millibars	millibars	its elf	the abbreviation created when you combine the first letters of the words in the sequence interest time sent established leading following is its elf	itself	itself	itself	itself	itself	itself	itself	itself	itself	itself	itself	itself	invcerin	invincible	tinvcerin	invcerienirion	invcereirin	inavcereirin	invceirin	invceirin	invceirin	invceirin	invceirin	invceirin	invceirin	invceirin	hieloc	hieloco	hieloco	hieloco	hieclco	hievlco	hielco	hielco	hieelco	hielco	hielco	hielco	hielco	hielco
hurry	hurry	hurry	hurry	hurrry	hurrry	hurry	hurry	hurry	hurry	hurry	hurry	hurry	hurry	force	force	focerce	focrce	fofce	fofrced	force	force	force	force	force	force	force	force	hflaqp	htlaq	htlapq	htlapq	htlapiq	htlapq	htlaq	htflaq	htlaq	htlaq	htlaq	htflaq	htlaq	htflaq	drarl	drarl	drarl	drarl	drarl	drarl	drarl	drarl	drarl	drarl	drarl	drarl	drarl	drarl
liainson	liasion	liasioon	lianisown	liainson	liainson	liaison	liaison	liaison	liaison	liaison	liaison	liaison	liaison	name	name	name	namen	name	nambme	name	name	name	name	name	name	name	name	saonirh	saonirh	saonirh	saonirh	saonirh	saonirh	saonirh	saonirh	saaonirh	saonirh	saonirh	saonirh	saonirh	saonirh	ioap	ioap	ioap	ioap	ioap	ioap	ioap	ioap	ioap	ioap	ioap	ioap	ioap	ioap
newtronrso	newtons	tewurtrons	newutohronso	neurtetorons	newtornrto	neutro	newutronso	neutrowtronso	newutron	neeutrotro	newutrotronso	neeutrotro	neeuttoroonsronsonso	behind	behind	behind	behind	behiind	behiind	behind	behind	behind	behind	behind	behind	behind	behind	icaiitnap	icaiitnap	icaiatnap	icaitnap	icaitnap	icaitnap	icaitnap	icaitnap	icaitnap	icaitnap	icaitnap	icaitnaitnap	icaitnap	icaitnap	msgeuw	msgeuw	msgew	msgeuww	msgewuw	msgeuw	msgeuw	msgeuw	msgeuw	msgeuw	msgeuw	msgeuw	msgeuw	msgeuw
reveko	revoke	revokem	revokem	revok	revokem	revoke	revoke	revoke	revoke	revoke	revoke	revoke	revoke	have	have	have	have	have above very earlierthe sequence of letters created by combining the first letters of each word is: haveave	havve	have	have	haveave	haveavve	havebve	havebve	haveavve	haveavve	pweirop	pweirop	pweirop	sweirop	pweiropp	pweiorp	pweiop	pweiop	pweiop	psweiop	pweiop	pweiop	pweiop	pweiop	eodn	eoon	eodn	eon	eodon	eoon	eoon	eoon	eoon	eoon	eoon	eoon	edon	eoon
createvitiy	create viti	create	creatitviti	createaitvy	craetivitiv	creativitivitmty	creativitiviti	creativity	creativity	creativity	creativity	creativity	creativity	front	front	front	fron	front	fron	front	front	front	front	front	front	front	front	aochehloecr	aochehloecr	achehlor	acohehlor	aochehloerlcrr	acohehloecr	aoehhloecr	aoehhloecr	aoehhloecr	aoehhloecr	aoehhloecr	aoehhloecr	aoehhloecr	aoehhloecr	ncuta	ncuta	ncuta	ncuta	ncuta	ncuta	ncuta	ncuta	ncuta	ncuta	ncuta	ncuta	ncuta	ncuta
ambush	ambuish	ambuish	ambusths	amtbush	amtbush	ambush	ambush	ambush	ambush	ambush	ambush	ambush	ambush	littl	littl	titl	littl	litel	litl	little	little	little	little	little	little	little	little	eilmhv	elmhv	tilmhv	eilmhv	teilhmhov	eilmhov	eilmhv	eilmhv	eilmhv	eilmhv	eilmhv	eilmhov	eilmhv	eilmhov	diceine	dicien	dicine	dicine	dicianein	diciane	dicien	dicien	dicien	dicien	dicien	dicien	dicien	dicien
unhapay	unhapyp	unhapapy	unahapapy	unahapapy	unahapapyp	unhapapy	unhapapy	unhaapapy	unhapapy	unhapapy	unhapapy	unhapapy	unhapapy	remained	remained	remanied	remanied	remained	renainedi	remained	remained	remained	remained	remained	remained	remained	remained	oedsttt	oedsttt	oedsttt	oedsttt	oedsttt	oedsttt	oedsttt	oedsttt	oedsttt	oedstttt	oedsttt	oedsttt	oedsttt	oedsttt	wmnddeda	wmndddeda	tmnddeda	wmndddeda	wmnddedae	wmnddedae	wmnddeda	wmndeda	tmnddeda	wmnddeda	wmnddeda	wmndeda	wmnddeda	wmnddeda
defense	defense	defense	defense	defnes	defensens	defense	defense	defense	defense	defense	defense	defense	defense	list	list	list	lits	lists	list	list	list	list	list	list	list	list	list	sbepeent	sbepent	sbepeent	sbepeent	sbepeent	sbepeent	sbepent	sbepent	sbepent	sbepent	sbepent	sbepent	sbepent	sbepent	rrfn	rrfn	rrfn	rrfn	rrfn	rrfn	rrfn	rrfn	rrfn	rrfn	rrfn	rrfn	rrfn	rrfn
secure	secure	secure	secure	secure	secure	secure	secure	secure	secure	secure	secure	secure	secure	came	came	came	came	came	camed	came	came	came	came	came	came	came	came	lirael	lirael	lireal	liralie	lira	liraletae	lirale	lirale	lirale	lirale	lirale	lirale	lirale	lirale	cssw	cssw	cssw	cssw	cssw	csstw	cssw	cssw	cssw	cssw	cssw	cssw	cssw	cssw
disorderly	disorderly	tisorder	disorderly	distroderly	distractederror	disorderly	disordely	disorderely	disordered	disorderly	disorderly	disorderly	disordered	crew	crew	crew	crew	crew	creww	crew	crew	crew	crew	crew	crew	crew	crew	iigrooenounu	iigrooenounu	tiigrooeoonu	iingrooeooenun	tiigrrooeeun	iiigrrooenun	iigrooenuu	iigrooenuu	iigrooenuu	iigrooenuu	iigrooenuoenu	iigrooenuu	iigrooenuu	iigrooenuu	racar	racaa	rac	rac	rac	rac	raca	raca	raca	raca	raca	raca	raca	raca
proprietors	proprietors	tropprivetor	propprivetorsetr	proprisrivetor	propprivetsroir	proprievetor	proprievetors	proprivetor	proprivetorsietors	proprivetori	proprivetorsopriietotor	proprivetopietor	proprivetopritors	provided	provided	provided	provided	providede	providesde	providede	providede	provided	provided	providede	provideeded	provided	provideded	nnlgtbsebsa	nnlgtbsaebsa	nnlgttbssebas	nnlgttbssebas	nnlgtbsesbas	nnlgtbsesbas	nnlgtbsebsa	nnlgtbsebsa	nnlgtbsebsebsa	nnlgtbsebsa	nnlgtbsebsa	nnlgtbsebsa	nnlgtbsebsebsa	nnlgtbsebsa	ptnuds	ptnuds	ptnugdus	ptnauduss	ptnudss	ptnaudess	ttnudus	ptnudus	ttnudus	ptnudus	ttnudus	ptnudus	ptnudus	ptnudus
loan	loan	loan	loan	loan	loan	loan	loan	loan	loan	loan	loan	loan	loan	wifef	wife	wife	wife	wifef	wifef	wife	wife	wife	wife	wife	wife	wife	wiife	opna	opna	tpnaa	opnaa	opna	opnanar	opna	opna	opna	opna	opna	opna	opna	opna	essi	essi	essi	essi	essi	essi	essi	essi	essi	essi	essi	essi	essi	essi
reveal	reveal	tevacel	reveal	tevael	revelanceal	teval	reveal	teveal	reveal	teveal	reveal	teveal	reveal	novel	novel	novel	novel	novelel	novel	novel	novel	novel	novel	novel	novel	novel	novel	ihiltr	ihiltr	ihilotr	ihtiltr	ihtiltri	ihtiltr	ihiltr	ihiltr	ihiltr	ihiltr	ihiltr	ihiltr	ihiltr	ihiltr	nadan	nadan	nadan	nadan	nadan	nadan	nadan	nadan	nadan	nadan	nadan	nadan	nadan	nadan
voltage	voltage	toltageg	voltage	voltagetag	voltagetag	voltage	voltage	voltagem	voltage	voltageta	voltagetamge	voltamage	voltamage	awamy	away	away	away	away	away	away	away	away	away	away	away	away	away	ryddbidc	ryddvidc	ryddbvic	rysddvidc	rystdvdic	rystdvdvic	ryddvic	ryddvic	ryddvic	ryddvic	ryddvic	ryddvic	ryddvic	ryddvic	lelm	lelm	telm	leelm	telem	lelm	lelm	lelm	lelm	lelm	lelm	lelm	lelm	lelm
posticted	posticed	posticted	posticted	posticte	posticdetem	posited	posited	posited	posited	posited	posited	posited	positcemd	points	points	pionts	piontts	pointsnits	pointsnits	points	pointts	points	points	points	points	points	points	eaeensi	eaeensi	taeeensi	eaeensi	teaens	eaeeins	eaeensi	eaeensi	eaaensi	eaeensi	eaeensi	eaeensi	eaeensi	eaeensi	rabbit	raided	raided	raided	raidet	rabidedet	raidet	raidet	raidet	rabidet	raidet	rabidet	raidet	raidet
aideed	aideed	aided	aideed	aideed	aideed	aided	aided	aided	aided	aided	aided	aided	aided	armound	around	around	around	arond	aroudn	around	around	around	around	around	around	around	around	tide	tide	tide	tide	tide	tide	tided	tided	tided	tide	tided	tided	tided	tide	grslle	gralse	grslle	grslle	grlse	grlslene	grlsle	grlsle	grlsle	grlsle	grlsle	grlsle	grlsle	grlsle
attendance	attendance	attendance	attendance	attendiendan	attendiendan	atetendance	attendace	attendacend	attenda	attendance	atteindance	attendance	attendance	children	children	thildreren	childreren	thilrdene	childdren	children	children	children	children	children	children	children	children	iestisincsil	iessincsil	iestsirncsdicsl	iessirncsil	teissirnocsil	iesisil	iessincsil	iessincsil	iessincsil	iessincsil	iessincsil	iessincsil	iessincsil	iessincsil	nhgthset	nhgtshset	tnhgtshset	nhgthset	nghgtshset	nhgtshset	nhgthset	nhgthset	nhgthset	nhgthset	nhgthset	nhgthset	nhgthset	nhgthset
vanishes	vanishes	vanishes	vanishes	vanish	vanish	vanishes	vanishes	vanish	vanish	vanishes	vanishes	vanish	vanish	well	well	well	well	well	well	well	well	well	well	well	well	well	well	raisgsla	raisgsla	raisgsgla	raisgsla	raisgsl	raisgsl	raisgsgla	raisgsgla	raissgla	raissgsla	raisgsgla	raisgla	raissgla	raissgsla	euet	euet	eute	euaet	euett	euett	euet	euet	euet	euet	euet	euet	euet	euet
hcoly	holy	holt	hcoly	hcoly	hcoly	hocly	holy	holy	holy	hocly	hocly	holy	holy	event	event	tven	event	evetn	evens	event	eventventnt	eventntvent	vvent	event	eventventuallyevernorththan	eventntvent	eventntvent	neer	neer	neer	neer	neer	neer	neeer	neeer	neeer	neeer	neeer	neeer	neeer	neeer	uiesn	uiesn	uiesn	uitesn	uiessn	uitesn	uiesn	uiesn	uiesn	uiesn	uiesn	uiesn	uiesn	uiesn
eithert	either	eithert	eithert	eithert	eithert	either	either	either	either	either	either	either	either	televinsin	televise	telvevicsiino	televicsiin	telvicsinio	telvessi	televisin	televisinsi	televisi	televisi	televisi	televisinsi	televisi	televeivisi	ebirsl	ebirsl	tbirsl	ebirsl	ebirsl	ebirsl	ebirsl	ebirsl	ebirsl	ebirsl	ebirsl	ebirsl	ebirsl	ebirsl	ibfrehetvfertvfe	ibfrehtvfe	ibfrehetvf	ibfrehtve	ibfrehetvfetvf	ibfrehetvfertvef	ibfrehevf	ibfrehetvf	ibfrehetvf	ibfrehetvf	ibfrehetvf	ibfrehetvf	ibfrehetvf	ibfrehetvf
neutral	netraltal	neutrals	neutrals	neutraraltal	netraraltal	neutral	neutral	neutral	neutral	neutral	neutral	neutral	nettralal	time	time	time	time	tiem	time	time	time	time	time	time	time	time	time	jyotereu	jyotereu	tyotereu	jyoterefu	jyotereuf	jyotereuf	jyoteru	jyoterue	jyotere	jyotere	jyoteru	jyoterue	jyoterueru	jyotereu	pmns	pmns	pmns	pmns	pmns	pmnship	pmns	pmns	pmns	pmns	pmns	pmns	pmns	pmns
intertactiarcatinss	intertacting	tintertacracitairostis	interterecatracatvainsti	intertecractitv	intertnetracatc	tnteractions	interactsctions	tnteractisctions	interacterctions	interactions	interactschallengetinvestigatesourselvesn	interact	interacterctiserctions	love	love	love	love	love	love	love	love	love	love	love	love	love	love	yearbookerapunclnni	yeraspniclnin	yerasapucnin	yerapunclnni	yeartesapunclonnineinlognonnein	yberaspaniclni	yeraberaspuclni	yeraberpuclaspunclnni	yerberaspuclni	yeraspuclaspni	yberasatpuclnni	yberapuclnni	yearbesarpuclnni	yereaspuclnni	wdip	wdip	wdip	wdip	wdip	wdip	wdip	wdip	wdip	wdip	wdip	wdip	wdip	wdip
attention	attention	ttetmfpted	attention	attemped	attempt	tttempted	attempted	tttempted	attempted	attemptempted	attempted	attempted	attempted	house	house	house	hours	house	hours	house	houses	house	house	house	house	houses	house	eecdecsat	eccdecstut	tecdecsatu	eecdcecsat	tecdectcsaut	eecdecstuat	eecdecsat	eecdecsat	eecdecsat	eecdecsat	eecdecsat	eecdecsat	eecdecsat	eecdecsat	noddd	noddd	toddd	noddd	todd	nodd	nodd	nodd	nodd	nodd	nodd	nodd	nodd	nodd
allergy	allegedly	allgeldely	allgelye	allyeged	allyeged	allegedly	allegdly	alleged	alleged	allegedly	allegdly	allegdely	alleged	right	right	right	right	righ	righ	right	right	right	right	right	right	right	right	uurameramoea	uuraemerao	uuramerameao	uuarameramo	uuaramerma	uuaramermaeo	uuramerao	uuramerao	uuramerao	uuramerao	uuramerao	uuurameao	uuramera	uuuramerao	litaet	litet	litet	litet	litt	litaet	litet	litet	litet	lite	litet	lite	litet	lite
degreres	degreres	degrereese	degrereese	degreres	degreres	degrees	degrees	degrees	degrees	degrees	degrees	degrees	degrees	country	country	country	contry	contry	contry	country	country	country	country	country	country	country	country	soredue	soredude	soreduaerd	soreduerdue	sword	swordredaued	soerdue	soerdue	soerdue	soerdue	soerdue	soerdue	soerdue	soerdue	grnbiacf	grnbiadf	grnbiacf	grnbiaf	grnbiaf	grnbiaf	grnbiaf	grnbiaf	grnbiaf	grnbiaf	grnbiaf	grnbiaf	grnbiaf	grnbiaf
iconography	iconography	iconography	iconoyograapha	iconeograpahy	icanooograwapahy	iconography	iconagraphy	iconographyaphy	iconographyaphy	iconography	iconography	iconoography	iconoography	best	best	best	best	best	best	best	best	best	best	best	best	best	best	areianjencc	areianjencc	areianjenac	areiaanjenec	areniaeinajenc	areianjenecc	areianjenc	areianjenc	areianjeian	areianjenc	areianjenc	areianjenc	areianjenc	areianjenc	pemc	pemc	pemc	pemc	pemc	pemc	pemc	pemc	pemc	pemc	pemc	pemc	pemc	pemc
start	starti	strati	stratit	strrtait	strrtait	strait	strait	strait	strait	strait	strait	strait	strait	monthth	month	tonh	month	tonh	month	month	month	month	month	month	month	month	month	nbdaene	nbdaene	nbdaene	nbdaene	tibdaene	nbdaene	nbdaeen	nbdaeen	nbdaeen	nbdaeen	nbdaeen	nbdaeen	nbdaen	nbdaen	ieelu	ieelu	ieelu	ieelu	iteelu	ieelun	ieelu	ieelu	ieelu	ieelu	ieelu	ieelu	ieelu	ieelu
coastaltelinem	coastleine	coastaltelien	coasstlientlene	coastsltlie	coasstlilein	coastline	coastline	coasastline	coastliene	coastlintline	coastastlinetlinene	coastlietline	coastlietline	cast	cast	casst	casht	cast	cast	cast	cast	caast	cast	cast	cast	cast	cast	intimehmyto	intime	intieemyto	intiehmotiemyto	intiemymto	intiemymot	intiehmyto	intiehmyto	intieemyto	intieemyto	intiehmyto	intiehmyto	intieemyto	intiehmytiehmyto	ador	ador	ador	ador	ador	ador	ador	ador	ador	ador	ador	ador	ador	ador
twilightrh	twilight	twilight	twilight	twilightr	twilightrigh	twilight	twilight	twilight	twilight	twilight	twilight	twilight	twilight	battel	batle	batgle	battl	batgle	batglte	battle	battle	battle	battle	battle	battle	battle	battle	isoaeid	isoaeide	isoaeed	isaoaeieid	isoaeaeid	isoaeaeid	isoaeid	isoaeeid	isoaeeid	isoaeeid	isoaeeid	isoaeeid	isoaeeid	isoaeeid	arnhn	arnhn	trnhn	arnhn	arnhn	arnhn	arnhni	arnhni	arnhni	arnhni	arnhni	arnhni	arnhni	arnhni
dilapimdaethd	dilapidated	tilapidathe	dilapmidathed	tidalpieda	thelapide	tilapidate	dilapidate	tilapidmated	dilapmidate	dilapidate	dilapidate	dilapidatemida	dilapmidate	church	church	thurch	church	churched	churched	church	church	church	church	church	church	church	church	sisrrsosopos	sisrrsosopos	sisrrsosop	sisrrsosop	sisrrosopos	sisrrsosopos	sisrrsoopos	sisrrsopos	sisrrsoopos	sisrrsoopos	sisrrsoopos	sisrrsopoos	sisrrsoopos	sisrrsoopos	meafah	mefafh	tefagh	mefafhf	mefafah	mefafh	mefafh	mefafh	mefafh	mefafh	mefafh	mefafh	mefafh	mefafh
budgeryatear	budgerymanetar	tudgerate	budgerytaer	budegretemtary	budegerate	budgetary	budgetary	budgeta	budgetary	budgetaret	budgetary	budgetaret	budgetarety	goal	goal	goal	goal	goal	goal	goal	goal	goal	goal	goal	goal	goal	goal	ylitestelgu	yliteslgu	ylitestelg	ylitestelg	ylitestlegu	ylitestlegu	yliteslgu	yliteslgu	yliteslgu	yliteslgu	yliteslgu	yliteslgu	yliteslgu	yliteslgu	eibrr	eibr	tibr	eibr	eibrr	eibrr	eibr	eibr	eibr	eibr	eibr	eibr	eibr	eibr
secure	secure	secdre	secdre	secured	securderextend	secdre	secdre	secdre	secdre	secdre	secdre	secdre	secdre	speciest	specs	specs	specsie	speceis	speceis	species	species	species	species	species	species	species	species	talntrn	talntr	talntrn	talntr	talintrneurotransmitter	talintrickedn	talntn	talntn	talntn	talntrnt	talntn	talntn	talntn	talntnrt	yeoslvs	yeoslv	teoslv	yeoslv	yeoslv	yeoslvscene	yeoslvs	yeoslvs	yeoslvs	yeoslvs	yeoslvs	yeoslvs	yeoslvs	yeoslvs
banished	banished	banished	banished	banishe	banishedsurge	banished	banished	banished	banished	banished	banished	banished	banished	eitherehert	either	tihher	eithreh	eitherehert	eithtehr	either	either	either	either	either	either	either	either	nreaines	nreaienesn	treaines	nreaines	trenagieasne	nreainess	treaiesn	nreaiesn	treaieiesn	nreaiesn	nreaiesn	nreaisn	nreaiesn	nreaiesn	effontne	effotne	efotne	effontne	efotne	effotne	efotne	efotne	efotne	efotne	efotne	efotne	efotne	efotne
synonymownymoswst	synonymownymoswus	synonyms	synonymosymnomy	synonyms	synonyms	synoonymous	synoonymousws	synonymonymous	synoonymoymous	synoonymous	synoonymonows	synonymony	synoonymonows	great	great	great	great	great	greateat	great	great	great	great	great	great	great	great	eeirirouth	eeirirouht	eeiriprouth	eeiriprouth	eeiriprothurout	eeirirout	eeeiripouht	eeeiriouht	eeeirouht	eeeirouht	eeiriouht	eeeirouht	eeiriouht	eeiriouht	elirl	elirl	elirl	elirl	elirl	elirl	elirl	elirl	elirl	elirl	elirl	elirl	elirl	elirl
mindnisteterc	minters	mindnisteterc	mintsetern	ministert	mindset	minister	minister	minister	ministter	minister	ministter	ministster	ministster	third	third	third	third	thirtd	thirdec	third	third	third	third	third	third	third	third	aptialdtl	aptialdtl	aptiaatldt	aptiaftldt	aptiatltd	aptiatlt	aptiatld	aptiatld	aptiatild	aptiatld	aptiatiatld	aptiatld	aptiattiatld	aptiattld	virtw	virtw	virtw	visrtw	virts	virtsww	virtw	virtw	virtw	virtw	virtw	virtw	virtw	virtw
adaptation	adaptation	adaptation	adaptatitaoon	adaptaatitao	adaptaatitao	adaptation	adaptation	adaptation	adaptation	adaptation	adaptation	adaptataion	adaptataion	sometime	sometime	sometime	sometime	sometimes	sometime	sometimes	sometimes	sometimes	sometime	sometime	sometimeimes	sometimes	sometimesiames	aieptuhcot	aieptuhcto	aipeptuhcto	aiemptuhcto	aiepthuctoo	aiepthucto	iaieptuhcto	aieeptuhcto	aieptuhcto	aieptuhcto	aieptuhcto	aieptuhcto	aieptuhcto	aieptuhcto	rpofhathv	rpofhatv	rpofhatv	rpofhatv	rpofhathv	rpofhathv	rpofhathv	rpofhathv	rpofhathv	rpofhathv	rpofhathv	rpofhatv	rpofhatv	rpofhv
crossing	crossing	trossing	crossing	crosings	crosings	crosing	crossing	crosing	crosing	crosing	crosing	crosing	crosing	similar	similar	similar	similar	similar	similari	similar	similar	similar	similar	similar	similar	similar	similar	timsepa	timsea	timsepa	timsepaiaseia	times	timesapisa	timsepia	timsepia	timsepia	timsepia	timsepia	timsepia	timsepia	timsepia	rwpuruhru	rwpuruhru	rwpuruhru	rwpurhra	rwpuruhru	rwpuruhru	rwpuhru	rwpuhru	rwpuhru	rwpuhru	rwpuhru	rwpuhru	rwpuhru	rwpuhru
corporal	corporal	corporal	corporales	corporal	corporal	corporporal	corporpoal	corporal	corporal	corporpo	corpoaporal	corpoal	corposal	the sequence of letters created when combining the first letters of the words species including decided eventually is s i d e	side	side	side	side	side	side	side	side	side	side	side	side	side	tneytiydb	tnytidyb	tneytiyib	tneytidyb	tenytidiybb	tnytipdby	tnytidyb	tnytidyb	tnytidyb	tnytidyb	tnytidyb	tnytidyb	tnytidyb	tnytidyb	soho	soho	soho	soho	soho	soho	soho	soho	soho	soho	soho	soho	soho	soho
histronsaitarnste	historian	histrorians	histrtovianst	historians	histoarintsaanstr	historians	historianst	historian	historiansns	historians	historianstns	historian	historian	death	death	teatwh	deatwh	teadhw	dewah	death	death	death	death	death	death	death	death	igbvcssepep	igbvcsseep	igbvcsseep	igbvcsseep	igbvcsesep	igbvcsesep	igbvcsep	igbvcsep	igbvcsesp	igbvcsesep	igbvcsesp	igbvcsesep	igbvcsesp	igbvcsesp	rceii	rceii	rceii	rceii	rceii	rceii	rceii	rceii	rceii	rceii	rceii	rceii	rceii	rceii
royalty	royalty	royalty	royalty	royalty	royal	royalty	royalty	royalty	royalty	royalty	royalty	royalty	royalty	team	team	team	team	team	team	team	team	team	team	team	team	team	team	songans	songans	songans	songansh	song	songans	songans	songans	songans	songans	songans	songans	songans	songans	ruyi	ruyi	ruyi	ruyi	ruyi	ruyi	ruyi	ruyi	ruyi	ruyi	ruyi	ruyi	ruyi	ruyi
slightest	slights	slight	slightethghtes	slight	slight	slightes	slightehts	slightehtest	slightehtest	slightestest	slighteghtest	slightedhtes	slightedehts	claimed	claimed	claimed	claimed	claimed	claimed	claimed	claimed	claimed	claimed	claimed	claimed	claimed	claimed	tpaoahmviro	tpaoahmviir	tpaoahmviroadways	tpaoahmviroadways	tpoawhmviir	tpoahmmvirr	tpoahmvir	tpoahmvir	tpoahmvir	tpoahmvir	tpoahmvir	tpoahmvir	tpoahmvir	tpoahmvir	felwptss	felwptss	telpwptss	felwptss	teflwptss	fenlwptss	felwpts	felwpts	felwpts	felwpts	felwpts	felwpts	felwpts	felwpts
hastily	hastily	hastily	hasitily	hastily	hasitil	hastily	hastily	hastily	hastily	hastily	hastily	hastily	hastily	appeared	appered	appearde	appearde	appeatereed	appear	appeared	appeared	appeared	appeared	appeared	appeared	appeared	appeared	onsryil	onsryil	onsryil	onsryil	onsryil	onsryil	onsryil	onsryil	onsryil	onsryil	onsryil	onsryil	onsryil	onsryil	olcrdisod	olcrdisod	tilcrdisod	olcrdriod	olcrdisod	olcrdisod	olcrdiodio	olcrdiod	olcrdiodiod	olcrddiodiod	olcrdiod	olcrdiod	olcrdiod	olcrddiod
reconunanced	reconcunhandcexd	reconcunhanced	recnohnced	recouncunhnced	recnouhnac	recounoncuno	recounoncounhnced	recounoncuhnced	recounoncuhnced	recnounonounhnced	recnounononcunhnced	recounonaceounhnced	recounoncuhnced	could	could	could	conld	coul	conld	could	could	could	could	could	could	could	could	acdrnewrsw	acdrnewrsw	acdrnewrsw	acdrnemswr	acdrnewrswe	acdrnepnemswr	acdrneswr	acdrneswr	acdrneswr	acdrneswr	acdrneswr	acdrneswr	acdrneswr	acdrneswr	oliiib	oliib	tliiab	oliib	oliiib	oliiib	oliib	oliib	oliib	oliib	oliib	oliib	oliib	oliib
stubb	stub	stub	stub	stubb	stubb	stub	stub	stub	stub	stub	stub	stub	stub	studiio	studio	studio	studio	studiio	studiio	sttdio	studio	sttdio	studio	studio	studio	sttdio	studio	danen	dnen	danen	danen	dnen	dsnem	dnen	dsne	dnen	dsne	dnen	dsne	dnen	dsne	erushgh	erushgh	erusgh	erusgh	erusghh	erusghh	erusgh	erusgh	erusgh	erusgh	erusgh	erusgh	erusgh	erusgh
petrel	petrel	petrel	petriled	petrel	petrel	petrel	petrel	petrel	petrel	petrel	petrel	petrel	petrel	seen	seen	seen	seen	seen	seen	seen	seen	seen	seen	seen	seen	seen	seen	cbeyro	cbeyor	cbeyor	cberyor	cberyorg	cbeyro	cbeyor	cbeyor	cbeyor	cbeyoror	cbeyor	cbeyor	cbeyor	cbeyoror	tbneh	tbenh	tbeh	tbenh	tbenh	tbneh	tbeh	tbeh	tbeh	tbeh	tbeh	tbeh	tbeh	tbeh
spat	spat	spat	spat	spat	spat	spat	spat	spat	spat	spat	spat	spat	spat	however	however	however	however	however	however	however	however	however	however	however	however	however	however	cyho	cyho	cyho	cyho	cyho	cyho	cyho	cyho	cyho	cyho	cyho	cyho	cyho	cyho	lhfwecia	lhfweci	lhfweci	lhfweci	lhfwec	lhfwec	lhfweci	lhfweci	lhfweci	lhfweci	lhfweci	lhfweci	lhfweci	lhfweci
attends	attends	attwendes	attends	attwenedes	attewends	attends	attends	attends	attends	attends	attends	attends	attends	create	created	createteed	createted	created	createtoday	created	created	created	created	created	created	created	created	peirpspps	peirps	theirs	peirps	the sequence of letters created when you combine the first letters of the words in the given sequence is: peirpsp	peirpsps	peirps	peirpsps	peirpsps	peirpspsps	peirps	peirps	peirpsps	peirpsps	aulfraa	aulfraa	aulfra	aulfraa	aularfarala	aulararal	aulfraa	aulfraa	aulfraa	aulfraa	aulfra	aulfraa	aulfraa	aulfraa
assistance	assistance	assistance	assistant	assishistictacne	assishistictacnscce	assistace	assistacence	assistic	assisticnce	assitance	assitance	assistic	assist	while	while	while	while	while	while	whiile	whiile	while	while	whiile	whiile	while	while	nskcelriliel	nskcelriliel	tsgkcelriliel	nskceerliel	nsgkcearliel	nsgkceerlielil	nskcerliel	nskcerliel	nskcerlieli	nskcerliel	nskcerliel	nskcerliel	nskcerliel	nskcerliel	domin	domin	domin	domin	domin	domin	domin	domin	domin	domin	domin	domin	domin	domin
paranoratormal	paranormal	paranoratormal	paaramorartma	paranormal	paaramaonortma	paaraormanorma	paaranormanorma	paaranoromaormal	paaranoromaormal	paaranormanorma	paranoromaorma	paranoromaorma	paaranoromaormal	mucha	much	much	much	mucha	mucha	much	much	much	much	much	much	much	much	ntdgjragmc	ntdgijragmc	ntdgjraigmdc	ntdgjraimc	ntdgjragmic	ntdgjragmic	ttdgjragmc	ntdgjragmc	ttdgjragmc	ntdgjragmc	tntdgjragmc	ntdgjragmc	tntdgjragmc	ntdgjragmc	ngsa	ngsa	ngsa	ngsa	ngsa	ngsaw	ngsa	ngsa	ngsa	ngsa	ngsa	ngsa	ngsa	ngsa
cansc	cans	canas	cansc	canas	canas	cans	cans	cans	cans	cans	cans	cans	cans	leading	leading	leadings	leadingsign	leadings	leadingsing	leading	leading	leading	leading	leading	leading	leading	leading	eaiig	eaii	eaiti	eaiig	eaitii	eaii	eaii	eaii	eaii	eaii	eaii	eaii	eaii	eaii	reladedee	relade	reladeaede	reladeaede	releadadee	releadadeee	relade	reladee	reladeade	reladeade	relade	reladeade	reladadee	reladeade
shipwrecked	shippingwaredcke	shipwrecked	shipwrecked	shippwrecde	shippwrecdek	shipwrecked	shipwrecked	shipwreck	shipwreck	shipwrecked	shipwrecked	shipwreck	shipwreck	studio	studio	studio	studio	studiio	studiio	studio	studio	studio	studio	studio	studio	studio	studio	mrsdtnwaeno	mrsdtnwanewanooe	mrsdtnwaeno	mrsdtnwaeno	mrsdtnwaeno	mvrstdnwaneacnoe	mrsdtnwanoe	mrsdtnwanoe	mrsdtnwanoe	mrsdtnwanoe	mrsdtnwanoe	mrsdtnwanoe	mrsdtnwanoe	mrsdtnwanoe	pahabe	pahabe	pahabe	pahabe	pahabet	pahabetep	pahabe	pahabe	pahabee	pahabe	pahabe	pahabe	pahabe	pahabe
clones	clonegs	clones	cloness	tclonese	clobnes	clones	clones	clones	clones	clones	clones	clones	clones	form	form	form	form	form	form	form	form	form	form	form	form	form	form	aeducsy	aecusy	aeducsy	aeucsy	aeucsy	aeducs	aeucsy	aeucsy	aeucsy	aeucsy	aeucsy	aeucsy	aeucsy	aeucsy	imdc	imdc	imdc	imdc	imdc	imdc	imdc	imdc	imdc	imdc	imdc	imdc	imdc	imdc
rope	rope	rope	rope	rope	rope	rope	rope	ropel	rope	rope	rope	rope	rope	initially	initially	initially	inityalylly	initalylly	inittialy	initially	initaly	initialy	initially	initialy	initialy	initailial	initailly	otna	otna	ttdrna	otna	otana	otna	ttdna	otna	ttrna	ottna	ottna	otna	ottna	ottna	npthlierherhl	npthlierhl	tpllierhl	nptlieriherhl	tnpllierehll	nptlierehrhl	nptliehl	nptliehl	nptlierhl	nptlierhl	nptliehl	nptlierhl	nptlierhl	nptlierhl
proprietorpietr	proprietor	tropipreit	priorityperformance	prfporietr	prfporietrte	propriprietoriprietoriprietoriprietoriprietoriprietoriprietoriprietoriprietoriprietoriprietoriprietoriprietoriprietoriprietoriprietoriprietoriprietoriprietoriprietoriprietoriprietoriprietoriprietoriprietoriprietoriprietoriprietoriprietoriprietoriprietoriprietoriprietoriprietoriprietoriprietoriprietoriprietoriprietoriprietoriprietoriprietoriprietoriprietoriprietoriprietoriprietoriprietoriprietoriprietoriprietoriprietoriprietoriprietoriprietoriprietoriprietoriprietoriprietoriprietoriprietoriprietoriprietoriprietoriprietoriprietoriprietoriprietoriprietoriprietoriprietoriprietoriprietoriprietoriprietoriprietoriprietoriprietoriprietoriprietoriprietoriprietoriprietoriprietoriprietoriprietoriprietoriprietoriprietoriprietoriprietoriprietoriprietoriprietoriprietoriprietoriprietoriprietoriprietoriprietoriprietoriprietoriprietoriprietoriprietoriprietoriprietoriprietoriprietoriprietoriprietoriprietoriprietoriprietoriprietoriprietoriprietoriprietoriprietoriprietoriprietoriprietoriprietoriprietoripr	proprietoprietoriprietoprietoietoriprietoprietoriprietoprietoietoetoriprietoprietoriprietoprietoietoetoriprietoprietoriprietoprietoriprieto	propriprietopriprietopriprietopriprietopriprietopriprietopriprietopriprietopriprietopriprietopriprietopriprietopriprietopriprietopriprietopriprietopriprietopriprietopriprietopriprietopriprietopriprietopriprietopriprietopriprietopriprietopriprietopriprietopriprietopriprietopriprietopriprietopriprietopriprietopriprietopriprietopriprietopriprietopriprietopriprietopriprietopriprietopriprietopriprietopriprietopriprietopriprietopriprietopriprietopriprietopriprietopriprietopriprietopriprietopriprietopriprietopriprietopriprietopriprietopriprietopriprietopriprietopriprietopriprietopriprietopriprietopriprietopriprietopriprietopriprietopriprietopriprietopriprietopriprietopriprietopriprietopriprietopriprietopriprietopriprietopriprietopriprietopriprietopriprietopriprietopriprietopriprietopriprietopriprietopriprietopriprietopriprietopriprietopriprietopriprietopriprietopriprietopriprietopriprietopriprietopriprietopriprietopriprietopriprietopriprietopriprietopriprietopriprietopriprietopriprietopriprie	propriteaietoripriet	proprietopr	proprietprietorp	propriprietopiretipopripripripripripripripripripripripripripripripripripripripripripripripripripripripripripripripripripripripripripripripripripripripripripripripripripripripripripripripripripripripripripripripripripripripripripripripripripripripripripripripripripripripripripripripripripripripripripripripripripripripripripripripripripripripripripripripripripripripripripripripripripripripripripripripripripripripripripripripripripripripripripripripripripripripripripripripripripripripripripripripripripripripripripripripripripripripripripripripripripripripripripripripripripripripripripripripripripripripripripripripripripripripripripripripripripripripripripripripripripripripripripripripripripripripripripripripripripripripripripripripripripripripripripripripripripripripripripripripripripripripripripripripripripripripripripripripripripripripripripripripripripripripripripripripripripripripripripripripripripripripripripripripripripripripripripripripripripripripripripripripripripripripripripripr	propriprietorpirietrimetite	claimed	claimed	claimed	claimed	claimed	claimed	claimed	claimed	claimed	claimed	claimed	claimedimed	claimed	claimed	mfguerrruwuti	mfue-rruuti	mgfuemrruuti	mgfuemrrwuti	mgfuerrruuti	mfguerrruwuti	mfuerruuti	mfuerruuti	mfuerruti	mfuerrwuti	mfuerrwuti	mgfuerrwuti	mfuerrwuti	mfuerrwuti	idlmusts	idlmusts	idlmusts	idlmusts	idlmusts	idlmuts	idlmuss	idlmuss	idlmuss	idlmuss	idlmuss	idlmuss	idlmuss	idlmuss
urgee	urge	urgee	urgee	urged	urgede	urge	urfge	urge	urfge	urge	urfge	urge	urfge	miles	miles	miles	miles	mile	miles	miles	miles	miles	miles	miles	miles	miles	miles	defht	deht	deht	deht	defht	defht	deht	deht	deht	deht	deht	deht	defht	defht	medfl	medfl	tedfl	medfl	tedfl	medfl	medfl	medfl	medfl	medfl	medfl	medfl	medfl	medfl
hostail	hostail	hospiatl	hostpiatl	hotspietal	hostpitals	hospital	hospital	hospital	hospital	hospital	hospital	hospital	hospital	opening	opening	opening	opening	openign	openign	opening	opening	opening	opening	opening	opening	opening	opening	efreatant	efreatnt	tfreataint	efretaetn	tfrreatn	efrearteanet	tfreatnt	efreatnt	tfreatnt	efreeatnt	efreatnt	efreatnt	tfreeatnt	efrreatnt	aeeotoi	aeeotoi	aeeootoi	aeeootoi	aeeotoi	aeerotioi	aeeotoi	aeeotoi	aeeotoi	aeeotoi	aeeotoi	aeeotoi	aeeotoi	aeeotoi
shopsc	shopsc	shopo	shopsc	shopsc	shopsc	shops	shops	shops	shops	shops	shops	shops	shops	reported	reporedte	report	repertoire	repetordte	repetordte	reported	reported	report	reportedte	reported	reportedted	reported	reportedted	edanc	edanc	edanc	edancm	edanc	edanc	edanc	edanc	edanc	edanc	edanc	edanc	edanc	edanc	omroettr	omroettr	omroettr	omroettr	omroettr	omroettr	omroettr	omroetoettr	omroettr	omroetttr	omroettr	omroettroettr	omroettr	omroetttr
styled	styled	styled	stylyle	stylie	stlyleyned	style	styled	styletyle	styletyle	style	styletylede	styletyle	styletyle	public	public	public	public	public	public	public	public	public	public	public	public	public	public	rcafuea	rcfauea	rcfurea	rcfauea	rcafurea	rcfarea	rcfuea	rcfuea	rcfuea	rcfuea	rcfuea	rcfuea	rcfuea	rcfbuea	imdrde	imdrde	imdrde	imdrde	imdrde	imdrde	imdrde	imdrde	imdrde	imdrde	imdrde	imdrde	imdrde	imdrde
convictions	covincitons	converticnos	convictions	convenientcosin	convenientcosirons	convictions	convictions	conviction	conviction	convictions	convictions	cbnvictionsons	conviction	natiolnal	national	natiol	natiolnal	natiolnal	natiolnal	national	national	national	national	national	national	national	national	ialjpmngcnu	ialjpmngcnus	ialjpmmngcn	ialljpmmngcnus	ialjpmngcn	ialjpmngcnus	ialjpmngcnu	ialjpmngcnu	ialjpmngcnu	ialjpmngcnu	ialjpmngcnu	ialjpmngcnu	ialjpmngcnu	ialjpmngcnu	stemsieh	stemsieh	stetmsiehh	stetmsiehh	stetmseihe	stetmssieh	stemsieh	stemsieh	stemsieh	stemsieh	stemsieh	stemsieh	stemsieh	stemsieh
subjectcities	subjective	subjectcetivet	subjectcetivet	subjecct	subjeccteicjetc	subjective	subjective	subjectctive	subjectctive	subjective	subjective	subjectctive	subjectctive	move	moved	toved	moved	moveothersveryeachdirector	moveothersveryeachdirector	moved	moved	moveoved	moveoved	moved	moved	moveoveved	moved	oaptoeteli	oaptoterlicl	taptorel	oapatoteli	tapottrceli	oaptoetel	oaptoterli	oaptotertcrli	oaptotertcrli	oaptotertcrli	oaptoterli	oaptoterli	oaptoterterli	oaptotetoterli	oucts	oucts	oucts	oucts	outcst	ouctss	oucts	oucts	oucts	oucts	oucts	oucts	oucts	oucts
governes	governes	governers	governers	governers	governers	governes	governess	governernes	governernes	goverovnes	governevnerserneesnews	governernes	governernes	playing	playing	playing	playing	planycing	playing	playing	playing	playing	playingin	playing	playing	playing	playinging	rculpsael	rculpsaeel	rculpsaeel	rculpsaeel	rculpsael	rculplasely	rculpsael	rculpsael	rculpsael	rculpsael	rculpsael	rculpsael	rculpsael	rculpsael	rndgbgee	rndgbee	rndbge	rndgbgee	rndbge	rndbge	rndbgee	rndbgee	rndbgee	rndbgee	rndbgee	rndbgee	rndbge	rndbge
camputs	campuss	campuss	campuss	camprus	camprus	campus	campus	campus	campus	campus	campsus	campus	campus	hand	hand	tpand	hanad	tpand	hpand	hand	hand	hand	hand	hand	hand	hand	hand	srents	srents	trescents	srents	sretnst	srecenst	srents	srents	srents	srents	srents	srents	srents	srents	ioai	ioai	ioai	ioai	ioai	ioai	ioai	ioai	ioai	ioai	ioai	ioai	ioai	ioai
trianglese	trainages	triangle	triangle	triantglesc	triantglease	triangles	triangles	triangles	triangles	triangles	triangleses	triangle	triangle	featuraturdur	featur	teaturdurede	featubturder	featurseabturdrupede	feabturdre	featureseabtudreu	featureseabovetusingreplacedeightdeveloped	featurseabturdure	featureseabturdureed	featureseabtuurdur	feabtur	featurseabturud	feabturedur	tanolcohth	tanolcocth	tanolloch	tanollocshth	tannolc	tannolsoc	tanolcth	tanolcth	tanolocth	tanolocth	tanolcth	tanolcth	tanolocth	tanolocth	tfpblefe	tfpblefe	tfpblfefe	tfpblfefe	tfpblfef	tfpblfef	tfpblefe	tfpblefe	tfpblefe	tfpblefe	tfpblefe	tfpblefe	tfpblefe	tfpblefe
vessel	vessel	vessley	vessley	vessl	vestsel	vessel	vessel	vessel	vessel	vessel	vessel	vessel	vessel	seen	seen	seen	seen	seen	seen	seen	seen	seen	seen	seen	seean	seen	seen	stimeo	stimeo	stbiemo	sbitemo	stbitemo	stbitemo	sbiemo	sbiemo	sbiemo	sbiemo	sbiemo	sbiemo	sbiemo	sbiemo	glea	glea	tlea	glea	glea	gleab	glea	glea	glea	glea	glea	glea	glea	glea
viewpointer	viewpoint	tiiwpointewpoin	vietwpcoineth	tiepwpoihnet	vietwpoinethems	viewpoint	viewpoint	viewpoints	viewpointsoine	viewpoint	viewpoint	viewpoint	viewpointsoine	five	five	five	five	five	five	five	five	five	five	five	five	tive	five	eltoetersr	eltoetersr	eltoeters	eltoetersr	eltotereqs	eltoteqersr	eltotersr	eltotersr	tltotersr	eltotersrsr	eltoters	eltotersr	eltoters	eltotetersrsr	neie	neie	neie	neie	neie	neie	neie	neie	neie	neie	neie	neie	neie	neie
restponsiives	restposensive	restpoinse	restpoonsiev	restponse	restponse	responsive	responsea	response	response	responsiv	responsiv	response	response	name	name	tamen	namae	ncma	nacme	nameam	nameame	nameame	nameame	name	nameacme	nameame	nameam	snrtmosspta	snrtmosspta	snrtmospta	snrtmospta	snrtmospat	snrftmossptaa	snrtmospta	snrtmospta	snrtmospta	snrtmospta	snrtmospta	snrtmospta	snrtmospta	snrtmospta	eudfw	eufw	eufw	eufw	eudfw	euw	eufw	eufw	eufw	eufw	eufw	eufw	eufw	eufw
adorable	adorbtler	adorablerob	adorablt	adorable	adorabltel	adorable	adorable	adorable	adorable	adorable	adorable	adorable	adorable	futurere	future	futhur	futhur	futurere	futurere	future	future	future	future	future	future	future	future	ehtoago	ehtoagoxp	theagoap	eghtoago	ethoagop	eghtoagop	ehtoagop	eghtoagop	ehtoagop	ehtoagop	ehtoagop	ehtoagop	ehtoagop	ehtoagop	etoecece	etoece	ttoece	etooece	etooece	etooece	ttoece	etoece	ttoece	etoece	ttoece	etoece	ttoece	etoece
pithchess	pitches	pitchese	pitcheches	pitchehs	pithchse	pitches	pitches	pitches	pitches	pitches	pitches	pitches	pitches	right	right	right	right	right	right	right	right	right	right	right	right	right	right	iseviltil	isetilt	isseitl	istelt	isteviltl	isevil	iseitlt	iseitlt	iseitlt	iseitlt	iseitlt	iseitlt	iseitlt	iseitlt	tarcce	tarce	tarce	tarce	tarcce	tarcce	tarce	tarce	tarce	tarce	tarce	tarce	tarce	tarce
swims	swims	swim	swimstyles	swims	swims	swims	swims	swims	swims	swims	sewims	swims	sewims	perforamcenacen	performance	perforamance	performlancermacareer	perforamance	perforamc	performace	performace	performance	performanceance	performace	performace	performance	performance	tdmcae	tdcae	tsdcae	tdmcae	tdcae	tmcade	tdcae	tdcae	tdcae	tdcae	tdcae	tdcae	tdcae	tdcae	eeteclyvririe	eetecyvrie	teteclyvrie	eatcclyvrie	teatclyvrile	eeteclyvrile	eeteclyvrie	eeteclyvrie	eeteclyvrie	eeteclyvrie	eeteclyvrie	eeteclyvrie	eeteclyvrie	eeteclyvrie
whenelde	wheelde	whiele	whteeld	whenelle	whenelleddedeqle	wheeled	wheeled	wheeled	wheeled	wheeled	wheeled	wheeled	wheeled	close	close	clos	clos	closentire	closentire	close	close	close	close	close	close	close	close	ioradrv	ioradrv	ioaraderv	ioaradrv	ioardrv	ioaradrv	ioradrv	ioradrv	ioradrv	ioradrv	ioradrv	ioradrv	ioradrv	ioradrv	ehgrt	ehgr	ehgrt	ehgrtp	ehgrt	ehgrt	ehgrt	ehgrt	ehgrt	ehgrt	ehgrt	ehgrt	ehgrt	ehgrt
shading	shading	shadirng	shadirng	shadring	shading	shading	shading	shading	shading	shading	shading	shading	shading	rest	rest	rest	rest	rest	rest	rest	rest	rest	rest	rest	rest	rest	rest	rlneyb	rlnnyb	tlnnetyb	rlnnetyb	tlneyb	rlnexybn	tlneyb	rlneyb	tlnneyb	rlneyb	rlnneyb	rlneyb	rlnneyb	rlnneyb	mrti	mrti	mrti	mrti	mrti	mrtil	mrti	mrti	mrti	mrti	mrti	mrti	mrti	mrti
idea	idea	idea	idea	idea	indea	idea	idea	idea	idea	ideea	ideea	idea	idea	brother	brother	brothae	brotaher	brotahr	brotahr	brother	brother	brother	brother	brother	brother	brother	brother	nget	nget	ngeth	nget	ngeth	nget	nget	nget	nget	nget	nget	nget	nget	nget	rvtidueedm	rvudedm	tvudmdm	rvtiemdmdm	tvrudemd	rvudemd	rvudedm	rvudedm	rvudedm	rvudem	rvudedm	rvudedm	rvudedm	rvudedm
remainedaly	remaqkaly	temaraknaly	remarqkanablk	teamarknal	remakearankalby	remarkaly	remarkaly	remarqkaly	remarkablearticleqkaly	remarkaly	remarkaly	remarqkably	remarkable	elcation	elcation	tilecon	elcation	elecition	elcatisonce	election	election	election	election	electioction	election	election	election	itiyorkyrntrta	iriokyrnta	itiroykrrnta	itiyokyrnta	itrionkyrnta	itrionkyrnta	iriokyrnta	itriokyrnta	iriokyrnta	iriokyrnta	iriokyrnta	iriokyrnta	iriookyrnta	iriokyrnta	cnsosset	cnnostes	cnnosset	cnnosstes	cnnosets	cnnosets	cnnosest	cnnosest	cnnosest	cnnosest	cnnosest	cnnoset	cnnosest	cnnosest
abandoned	abandoned	abbandoned	abbandoned	abandondeno	abandondeno	abandoned	abandonde	abandoned	abandoneden	abandonde	abandoned	abandoned	abandoned	thenm	them	them	them	thenm	thenm	them	them	them	them	them	them	them	them	eeessmi	eesmim	eesmismin	eessmminim	eeessmmii	eeessmmii	eessmin	eessmin	eessmim	eessmim	eeesmin	eessmin	eessmim	eessmim	cesb	cesb	cesb	cesb	cesb	cesb	cesb	cesb	cesb	cesb	cesb	cesb	cesb	cesb
baton	bafon	catone	batone	batonefto	batonefron	baton	baton	baton	baton	baton	baton	baton	baton	postsinbalie	posseible	tosseilbe	postis7ible	possbile	postoriginallystationseveninternationalbothlargestevents	possible	possible	possible	possible	possible	possible	possible	possible	lanco	lanco	lanco	lanco	lanco	lanco	lanco	lanco	lanco	lanco	lanco	lanco	lanco	lanco	enhoutll	enholtll	enhoutll	enhouill	enholull	enhoull	enhoulll	enhoulll	enhoull	enhoull	enhoull	enhoulll	enhoull	enhoull
plaintif	plaintif	plaintif	plaintif	plaidintif	plaidinttif	plaintitf	plaintintif	plaintif	plaintif	plaintintintintintintintintintintintintintintintintintintintintintintintintintintintintintintintintintintintintintintintintintintintintintintintintintintintintintintintintintintintintintintintintintintintintintintintintintintintintintintintintintintintintintintintintintintintintintintintintintintintintintintintintintintintintintintintintintintintintintintintintintintintintintintintintintintintintintintintintintintintintintintintintintintintintintintintintintintintintintintintintintintintintintintintintintintintintintintintintintintintintintintintintintintintintintintintintintintintintintintintintintintintintintintintintintintintintintintintintintintintintintintintintintintintintintintintintintintintintintintintintintintintintintintintintintintintintintintintintintintintintintintintintintintintintintintintintintintintintintintintintintintintintintintintintintintintintintintintintintintintintintintintintintintintintintintintintintintintintintintintintintintintintintintintintintintintinti	plaintintintintintintintintintintintintintintintintintintintintintintintintintintintintintintintintintintintintintintintintintintintintintintintintintintintintintintintintintintintintintintintintintintintintintintintintintintintintintintintintintintintintintintintintintintintintintintintintintintintintintintintintintintintintintintintintintintintintintintintintintintintintintintintintintintintintintintintintintintintintintintintintintintintintintintintintintintintintintintintintintintintintintintintintintintintintintintintintintintintintintintintintintintintintintintintintintintintintintintintintintintintintintintintintintintintintintintintintintintintintintintintintintintintintintintintintintintintintintintintintintintintintintintintintintintintintintintintintintintintintintintintintintintintintintintintintintintintintintintintintintintintintintintintintintintintintintintintintintintintintintintintintintintintintintintintintintintintintintintintintintintintintintintintintintintintinti	plaintf	plainttif	episode	episode	episode	episode	episodes	episodes	episode	episode	episode	episode	episode	episode	episode	episode	rdsaehscvncc	rdsahsvnc	tdsasahvnc	rdsaehstnvnc	rdshasahvnc	rdshavnc	rdsahsahsvnc	rdsahsahsvnc	rdsahsahsnc	rdsahsvnc	rdsahsahsnc	rdsahsavnc	rdsahsvnc	rdsahsvnc	eaisewa	eaisewa	taiswea	ebaiswaea	taisewa	eaisewa	eaisewa	eaisewa	eaisewa	eaisewa	eaisewa	eaisewa	eaisewa	eaisewa
haresvertes	harvest	harearesrolledvertexexposedscanttrip	hareareasrolledvertexexposedscanttrip	haretarvess	harervest	harvest	harves	harvest	harvest	harvest	harvest	harvest	harvest	other	others	othecrs	otherehs	others	others	others	others	others	others	others	others	others	others	nastdlate	nastdelte	tnastdlte	nnasdlte	tnastdl	nnasdlte	nnasdle	nnasdle	nnasdle	nnasdle	nnasdle	nnasdle	nnasdle	nnasdle	etriwad	etriwd	etriw	etriwed	etripw	etpriwd	etriwd	etriwd	ttriwd	etriwd	etriwd	etriwd	etriwd	etriwd
solar	solar	solar	solar	soalr	soalr	solar	solar	solar	solar	solar	solar	solar	solar	madede	made	made	made	madede	mawde	made	made	made	made	made	made	made	made	rardsr	rarsr	tardsr	rarsr	tardsr	rarssr	acrsr	rarsr	tarsr	rarsr	rarsr	rarsr	tarsr	rarsr	mwri	mwri	mwri	mwri	mwri	mwric	mwri	mwrri	mwri	mwrri	mwri	mwri	mwri	mwrri
cinematic	cinematic	tinematic	cinematicemaitic	tinaemati	cinarematiemac	cinematic	cinematic	cinematic	cinematic	cinematiematic	cinematimatic	cinematic	cinematic	insteadead	instead	intsetad	insteaad	insated	instead	instead	instead	instead	instead	instead	instead	instead	instead	topslstet	topslatest	toplsstet	topslstet	toplsstet	toplstsetec	toplsstet	toplsstet	toplsstet	toplsstet	toplsstet	toplsstet	toplsstet	toplsstet	cepdrlh	cepdrlh	cepdrlh	cepdrlh	cepdrlh	cepdrlh	cepdrlh	cepdrlh	cepdrlh	cepdrlh	cepdrlh	cepdrlh	cepdrlh	cepdrlh
projecetions	projections	projecotjecns	projecstion	projangcetions	projaecns	projections	prgojections	projections	prgojections	projections	prgojectiont	projections	prgojectinosns	failed	failed	failde	failed	failde	failinged	failed	failed	failed	failed	failed	failed	failed	failed	iaeewdkasri	iaeewcdkasri	iaeewdkasri	iaeewdkasri	iaeeiwcdkasi	iaeeiwcdkasi	iaeewdkasri	iaeewdkasri	iaeewdkasri	iaeewdkasri	iaeewdkasri	iaeewdkasri	iaeewdkasri	iaeewdkasri	segrro	segrro	tegrrro	segrro	tegrrro	segrro	segrro	segrro	segrro	segrro	segrro	segrro	segrro	segrro
begin	begin	beging	bcegins	begin	becoming	begin	begin	begin	begin	begin	begin	begin	begin	write	white	whitem	whitem	white	whitetie	white	white	white	white	white	white	white	white	rrtds	rrtds	trtds	rrtd	rrtds	rrtds	rrtds	rrtds	rrtds	rrtds	rrtds	rrtds	rrtds	rrtds	tnannn	tnann	tnannn	tnannn	tnann	tnann	tnann	tnann	tnann	tnann	tnann	tnann	tnann	tnann
popfulateld	populead	tofpulated	popfulaatled	the sequence of letters created when combining the first letters of the words in the given input sequence is: popfulatledaetd	popfulatled	populated	popflated	topfulated	popflated	populated	populated	populated	populated	central	central	tenraltal	central	central	centraltal	central	central	central	central	central	central	central	central	aoaidtcoe	aoaidctaoe	toaaidtcoea	aoaaidctaoe	tooacadicetao	aoaicdtanoem	aoaidtaoe	aoaidtaoe	aoaidtaoe	aoaidtaoe	aoaidtaoe	aoaidtaoe	aoaidtaoe	aoaidtaoe	elnsdep	elnsdp	elnsdep	elnsdep	elnsep	elnsep	elnsedp	elnsedp	elnsedp	elnsedp	elnsedp	elnsedp	elnsedp	elnsedp
singer	singer	singers	singger	singerg	singergexr	singer	singere	singer	singeer	singer	singer	singer	singeer	initially	initially	initially	initially	initlay	initaly	initialy	initialy	initialy	initialy	initialy	initialy	initialy	initialy	sitcch	sitcch	sitcch	sitcch	sitiach	sitiach	siitch	siitch	siitch	siitch	siitch	siitch	siitch	siitch	doethibdhl	doethibdhl	toetibdhl	doetibdhl	doetibdhl	doetibdhl	doetibdhl	doetibdhl	doetibdhl	doetibdhl	doetibdhl	doetibdhl	doetibdhl	doetibdhl
restide	restide	testide	restide	restide	restideex	reside	reside	reeside	reedisde	reeside	reeside	reside	reeside	while	while	while	while	while	while	while	while	whiles	whiles	while	while	whiles	while	cardskb	cardskb	cardspk	cardspk	cardskb	cardskb	cardsk	cardsk	cardsk	cardsk	cardsk	cardsk	cardsk	cardsk	iitectc	ittec	iitectc	iitectec	ittec	iitc	iitec	iitec	iitec	iitec	iitec	iitec	iitec	iitec
parnking	parking	parking	parnking	parniking	parniking	parking	parking	parkingng	parkingng	parking	parking	parking	parkingng	lead	lead	lead	lead	lead	lead	lead	lead	lead	lead	lead	lead	lead	lead	escdaet	escdate	escdate	escdate	escdat	esscdatet	escdaet	escdaet	escdaet	escdaet	escdaet	escdaet	escdaet	escdaet	iatr	iatr	iatr	iatr	iatr	iatr	iatr	iatr	iatr	iatr	iatr	iatr	iatr	iatr
trainscript	trainscriptoinspirtopaintonsn	trainscripthionspoti	trainsctripoinspotaios	trainascripsrtipthoinpsotaiosn	trancrisctriptoiinspthaonns	transcriptions	transcriptionsript	transcriptcrinsript	transcriptionscript	transcriptions	transcriptions	transcriptcrinsript	transcriptcriticsrip	range	range	range	range	range	rangu	range	range	range	range	range	range	range	range	aoooaymazmapiicpr	aoooaymazmapiicpr	tooaymaymalpiicpr	atoopaymaimziapiicpr	aoooomaymacpicpr	aooaymaymapricpr	aoooaymapiicpr	aoooaymapiicpr	aoooaymapiicpr	aoooaymapiicpr	aoooaymapiicpr	aoooaymapiicpr	aoooaymapiicpr	aoooaymapiicpr	alvyac	alvyca	alvyac	alvyac	alvya	alvya	alvya	alvya	alvya	alvya	alvya	alvya	alvya	alvya
iterator taino	iterator taino	iteraton	iteratonia	iteration	iteratetear	iteraton	iteration	tteration	iteration	iteraton	iteraton	iterataon	iteraton	havignvg	having	having	having	havainvgin	havginvinaago	having	having	having	having	having	having	having	having	hlvarpsir	hlvarprpsi	tlvarprsrpi	hlvarpsirpsi	hlvarrpsir	hlvarrsprrpsi	hlvarprsi	hlvarprsi	hlvarprsi	hlvarprsi	hlvarprsi	hlvarprsi	hlvarprsi	hlvarprprsi	rydrne	rydrnn	tydrne	rydrne	tydrnn	rydrnn	rydren	rydren	rydren	rydren	rydren	rydren	rydren	rydren
insterntrtigng	infsetring	infsentrecordsting	infsetrting	infsetring	infsetring	inserttingng	insertrtingng	insetrting	insertting	ifsertingng	inserting	insetrting	insetrting	evar	evar	evaer	evar	evare	evare	ever	evar	ever	ever	ever	ever	ever	ever	hooegrsi	hoogresi	tooegrss	hooegrsi	hooegrsi	hooegrsi	hooegrssi	hooegrsi	hooegrsi	hooegrsi	hooegrssi	hooegrssi	hooegrsi	hooegrsi	dreb	dreb	dreb	dreb	drebd	drb	rdeb	dreb	dreb	dreb	dreb	dreb	dreb	dreb
incite	incite	tincite	inciete	thecite	incite	tincite	incite	tncite	incite	incite	incite	incite	incite	mintsetes	mintes	timnutes	minutes	timuntes	minutes	minutestes	minutestes	minutes	minutes	minutesintse	minutestes	minutes	minutes	crrdft	crrdft	trrdf	crrdftr	tirrdft	crrdft	crrdft	crrdft	crrdft	crrdft	crrdft	crrdft	crrdft	crrdft	carenmri	canmr+	carenmri	carenmri	caenmri	caenmri	caenmri	caenmri	caenmri	caenmri	caenmri	caenmri	caenmri	caenmri
candnede	candneed	canneed	cannede	cande	canndeed	canned	cannenede	canned	cannede	canned	cannedneded	canned	cannede	before	before	beoforerever	before	before	before	before	before	before	before	before	before	before	before	fioudm	fioudm	fioudm	fiougdm	fioudm	fioaugdm	fioudm	fioudm	fioudm	fioudm	fioudm	fioudm	fioudm	fioudm	ermygi	ermygi	ermygi	ermygi	ermgyi	ermgygi	ermygi	ermygi	ermygi	ermygi	ermygi	ermygi	ermygi	ermygi
famouss	famous	famous	famous	famoustus	famouss	famous	famous	famous	famous	famous	famous	famous	famous	hightighs	highghest	tigh	hightigh	tighghestd	hightghsesth	highest	hights	tighest	highighest	highighestgt	highigheastt	highighsetght	higghest	neutvelm	neuvlem	tinuvelm	neuvlem	tietvem	neuveman	neuvem	netvem	neuvem	neuvem	neuvem	neuvem	neuvem	neuvem	avtnacin	avtnain	avtnacin	avtnacin	avtnai	avtnacinn	avtnain	avtnain	avtnain	avtnain	avtnain	avtnain	avtnain	avtnain
mol	mole	mole	molr	mole	mole	mole	mole	mole	mole	mole	mole	mole	mole	lost	lost	lost	lost	lost	lost	lost	lost	lost	lost	lost	lost	lost	lost	ptli	ptli	ptli	ptli	ptli	ptli	ptli	ptli	ptli	ptli	ptli	ptli	ptli	ptli	afes	afes	afes	afeas	afes	afes	afes	afes	afes	afes	afes	afes	afes	afes
sticky	sticky	stickey	stickey	sticcy	sticky	stticky	stticky	stticky	stticky	stticky	stticky	stticky	stticky	part	part	part	part	part	part	part	part	part	part	part	part	part	part	atekss	atesks	atensks	atensk	atens	atensks	ateks	ateks	atekss	atekss	ateks	ateks	atekss	atekss	the sequence of letters created when combining the first letters of the words career number into died is c n i d	cnid	cnid	cnid	cniid	cniid	cnid	cnid	cnid	cnid	cnid	cnid	cnid	cnid
superiority	superiority	supeerior	supeerior	supereiro	supereiro	superior	superior	superior	superiorityiorty	superior	superior	superior	superior	without	without	withthout	without	withut	withut	without	withouthot	without	without	without	without	without	without	iuaasglaeiras	iua-sgleras	iuaasglaeirsi	iurasglaeirsi	iuasglseairss	iuasglesi	iuasgleairs	iuasgleairs	iuasgleairs	iuasgleairsgleairs	iuasgleairs	iuasgleairsgleairs	iuasgleairs	iuasgleairsgleairs	unite	unotei	unotetei	unotetei	uunoteitei	uunoteitie	uunotei	uunotei	uunotei	uunotei	uunotei	uunotei	uunoteitei	uunotetei
packeg	packaege	packaege	packaege	packaeg	pacnage	package	package	package	packagege	package	package	package	package	placed	placed	placed	placed	pltaced	pltaced	placed	placed	placed	placed	placed	placed	placed	placed	titrlsn	titrlsn	titrlsn	titrlsn	titrllsn	titrlsln	titrlsn	titrlsn	tiitrlsn	tiitrlsn	titrlsn	titrlsn	tiitrlsn	titrlsn	eavbrc	eavbrc	tavbrc	eavbrc	tavbrc	eavbrc	eavbrc	eavbrc	eavbrc	eavbrc	eavbrc	eavbrc	eavbrc	eavbrc
inspiring anarchy tinobs	inspiring	tnspinaidonsaitiobs	inspinratisinratidonsm	inspiring	inspiringantsirintos	inspiratinratespiiranningsratyiaonsm	inspirairationsratationstionsratingatyionstionsonsm	tnspiratirataionsrataionstionsm	inspiringationsrataionsrataionstionsrasationstions	inspiirationsationtionons	inspiirationsatiratationsratationspiinratatationsinatatationsragatatationsatyionsidentonsbsm	tnspiratirationsation	inspiringartisticionsransaionstsionsrasationstionsranationstionsranationstionsranationstionsranationstionsranationstionsranationstionsranationstionsranationstionsranationstionsranationstionsranationstionsranationstionsranationstionsranationstionsranationstionsranationstionsranationstionsranationstionsranationstionsranationstionsranationstionsranationstionsranationstionsranationstionsranationstionsranationstionsranationstionsranationstionsranationstionsranationstionsranationstionsranationstionsranationstionsranationstionsranationstionsranationstionsranationstionsranationstionsranationstionsranationstionsranationstionsranationstionsranationstionsranationstionsranationstionsranationstionsranationstionsranationstionsranationstionsranationstionsranationstionsranationstionsranationstionsranationstionsranationstionsranationstionsranationstionsranationstionsranationstionsranationstionsranationstionsranationstionsranationstionsranationstionsranationstionsranationstionsranationstionsranationstio	because	because	tecatusse	because	tecaus	beacause	becauseaus	becauseawuse	because	because	because	becausecawuse	because	because	sacidrdristahas	saidrdisjstah	saiddrdisjstahas	saiddrdisjstahas	sacidsrdrijsath	sacdirsdrijsath	saaidrdisjstaha	saaidrdisjstaha	saaidrdrdistaha	saaidrdrdsistaha	saaidrdistaha	saaidrdjstaha	saaidrdrdistaha	saaidrdrdistaha	geteieg	geteig	geteieeg	geteieg	geteieeg	geteieeg	geteieg	geteieg	geteieg	geteieg	geteieg	geteieg	geteieg	geteieg
disappointment	disappointment	tisasappointemn	disappointments	tisapaptonmit	disapponsoit	tisappointment	disappointmentssapapoippotoinaintntmeteam	tisappopointment	disappointed	disappointoint	disappointoint	tisappopointments	disappointmentssaupposooinppootoinoinotoinotoinotoinotoinotoinotoinotoinotoinotoinotoinotoinotoinotoinotoinotoinotoinotoinotoinotoinotoinotoinotoinotoinotoinotoinotoinotoinotoinotoinotoinotoinotoinotoinotoinotoinotoinotoinotoinotoinotoinotoinotoinotoinotoinotoinotoinotoinotoinotoinotoinotoinotoinotoinotoinotoinotoinotoinotoinotoinotoinotoinotoinotoinotoinotoinotoinotoinotoinotoinotoinotoinotoinotoinotoinotoinotoinotoinotoinotoinotoinotoinotoinotoinotoinotoinotoinotoinotoinotoinotoinotoinotoinotoinotoinotoinotoinotoinotoinotoinotoinotoinotoinotoinotoinotoinotoinotoinotoinotoinotoinotoinotoinotoinotoinotoinotoinotoinotoinotoinotoinotoinotoinotoinotoinotoinotoinotoinotoinotoinotoinotoinotoinotoinotoinotoinotoinotoinotoinotoinotoinotoinotoinotoinotoinotoinotoinotoinotoinotoinotoinotoinotoinotoinotoinotoinotoinotoinotoinotoinotoinotoinotoinotoinotoinotoinotoinotoinotoinotoinotoinotoinotoinotoinotoinotoinotoinotoinotoinotoinotoinotoinotoinotoinotoinotoinotoinotoinotoinotoinotoinotoinotoinoto	field	field	tieled	field	field	field	field	field	field	field	field	field	field	field	ponolalasatpe	pokolealasanitppe	pokolealasanitp	ponolealasatp	ponkolateasalapasanitpe	ponkolealasatp	pokolaaslaasasape	pokolaaslaasastpe	pokolaasasasapesatpe	ponololaasasalatpe	pokolaaslasatpe	pokolaaslasastpe	pokolaasasatpesanite	pokolaasasalanitni	meimt	meimt	teim	meimt	meimt	meimt	meimt	meimt	meimt	meimt	meimt	meimt	meimt	meimt
pictorial	pictorial	picatorpil	pictogripail	pictrorailctoirial	pictrickorplia	pictoripial	pictoratopial	pictorpial	pictorpial	pictortorial	pictortopial	pictorpial	pictorpial	organizing	origin al	triginaal	originating	origin	originailgnal	original	original	original	original	original	original	original	original	ghrsaioms	ghrsaioms	ghrsaiosm	ghrsasiooms	ghrasiomss	ghrasiomss	ghrsaioms	ghrsaioms	ghrsaioms	ghrsaioms	ghrsaioms	ghrsaioms	ghrsaioms	ghrsaioms	isosepiedr	isosepiedr	isoepidr	isoepidr	isoepidr	isoepidr	iosepidr	iosepidir	iosepidr	iosepidr	iosepidr	iosepidr	iosepididr	iosepididr
